battery_id,cycle_number,start_time_iso,ambient_temperature,duration_s,v_start,v_end,v_min,v_max,v_mean,v_drop,i_mean,i_min,i_max,t_start,t_end,t_min,t_max,t_mean,temp_rise,temp_rise_rate,energy_wh,re_electrolyte_ohms,rct_charge_transfer_ohms,capacity_ah,nominal_capacity_ah,soh_pct,soh_first_cycle_pct,eol_cycle_80,rul_80,eol_cycle_70,rul_70
B0005,1,2008-04-02T15:25:41,24.0,3690.23,4.1915,3.2772,2.6125,4.1915,3.5298,1.579,-1.8187,-2.018,0.0007,24.33,34.23,24.33,38.98,32.57,14.65,0.003971,6.6087,,,1.85649,2.0,92.824,100.0,75,74,125,124.0
B0005,2,2008-04-02T19:43:48,24.0,3672.34,4.1898,3.3002,2.5872,4.1898,3.5373,1.6026,-1.8176,-2.0168,0.0029,24.7,34.39,24.69,39.03,32.73,14.34,0.003904,6.586,,,1.84633,2.0,92.316,99.453,75,73,125,123.0
B0005,3,2008-04-03T00:01:06,24.0,3651.64,4.1882,3.3275,2.6519,4.1882,3.5437,1.5363,-1.8165,-2.0166,0.0015,24.73,34.23,24.73,38.82,32.64,14.08,0.003857,6.5555,,,1.83535,2.0,91.767,98.861,75,72,125,122.0
B0005,4,2008-04-03T04:16:37,24.0,3631.56,4.1885,3.3142,2.5929,4.1885,3.5437,1.5955,-1.8256,-2.0159,0.0015,24.65,34.41,24.65,38.76,32.51,14.11,0.003885,6.5547,,,1.83526,2.0,91.763,98.857,75,71,125,121.0
B0005,5,2008-04-03T08:33:25,24.0,3629.17,4.1883,3.3055,2.5474,4.1883,3.5423,1.6409,-1.8261,-2.0174,0.0017,24.52,34.35,24.52,38.67,32.38,14.14,0.003896,6.5521,,,1.83465,2.0,91.732,98.823,75,70,125,120.0
B0005,6,2008-04-03T12:55:10,24.0,3652.28,4.1888,3.3023,2.5209,4.1888,3.5413,1.6679,-1.8168,-2.0162,0.0025,24.52,34.2,24.51,38.75,32.43,14.23,0.003896,6.5572,,,1.83566,2.0,91.783,98.878,75,69,125,119.0
B0005,7,2008-04-03T17:17:16,24.0,3650.83,4.1884,3.2937,2.4879,4.1884,3.541,1.7005,-1.8168,-2.0158,0.0023,24.58,34.3,24.58,38.82,32.48,14.24,0.003899,6.5569,,,1.83515,2.0,91.757,98.85,75,68,125,118.0
B0005,8,2008-04-03T21:28:14,24.0,3572.45,4.1889,3.3162,2.6652,4.1889,3.5541,1.5237,-1.8443,-2.0166,0.0022,24.71,34.76,24.71,38.52,32.41,13.8,0.003864,6.535,,,1.82576,2.0,91.288,98.345,75,67,125,117.0
B0005,9,2008-04-04T01:38:15,24.0,3550.59,4.189,3.2974,2.6039,4.189,3.5529,1.5852,-1.854,-2.0184,0.0054,24.64,35.05,24.63,38.53,32.35,13.89,0.003912,6.5288,,,1.82477,2.0,91.239,98.292,75,66,125,116.0
B0005,10,2008-04-04T05:48:08,24.0,3551.25,4.1892,3.2884,2.5529,4.1892,3.5512,1.6364,-1.8536,-2.0161,0.003,24.57,35.03,24.56,38.53,32.28,13.95,0.00393,6.5264,,,1.82461,2.0,91.231,98.283,75,65,125,115.0
B0005,11,2008-04-04T09:57:19,24.0,3530.25,4.1889,3.2663,2.4724,4.1889,3.5493,1.7165,-1.8634,-2.0161,0.0026,24.44,35.32,24.43,38.54,32.16,14.1,0.003995,6.5223,,,1.82462,2.0,91.231,98.283,75,64,125,114.0
B0005,12,2008-04-04T17:56:27,24.0,3491.02,4.1899,3.2962,2.6496,4.1899,3.5598,1.5403,-1.873,-2.0169,0.0024,24.74,35.59,24.74,38.52,32.36,13.78,0.003947,6.4974,,,1.8142,2.0,90.71,97.722,75,63,125,113.0
B0005,13,2008-04-04T22:01:54,24.0,3470.28,4.1893,3.2718,2.5725,4.1893,3.5581,1.6168,-1.8826,-2.0164,0.0019,24.74,35.96,24.73,38.58,32.32,13.85,0.00399,6.4917,,,1.81375,2.0,90.688,97.698,75,62,125,112.0
B0005,14,2008-04-05T02:20:26,24.0,3470.0,4.1888,3.2649,2.525,4.1888,3.5557,1.6638,-1.8825,-2.0158,0.0023,24.45,35.87,24.45,38.52,32.16,14.07,0.004055,6.4869,,,1.81344,2.0,90.672,97.681,75,61,125,111.0
B0005,15,2008-04-05T06:25:01,24.0,3450.3,4.1891,3.3091,2.6946,4.1891,3.5627,1.4945,-1.8818,-2.0194,0.0013,24.47,35.53,24.46,38.21,32.04,13.74,0.003983,6.4566,,,1.8026,2.0,90.13,97.097,75,60,125,110.0
B0005,16,2008-04-05T10:30:32,24.0,3429.41,4.1892,3.2881,2.6401,4.1892,3.5615,1.5491,-1.8922,-2.0164,0.0031,24.33,35.81,24.32,38.2,31.93,13.87,0.004045,6.4509,,,1.80211,2.0,90.105,97.071,75,59,125,109.0
B0005,17,2008-04-05T14:34:41,24.0,3409.48,4.1889,3.2608,2.5739,4.1889,3.5603,1.615,-1.9028,-2.0165,0.0009,24.36,36.24,24.36,38.32,31.94,13.96,0.004093,6.4495,,,1.80258,2.0,90.129,97.096,75,58,125,108.0
B0005,18,2008-04-05T18:39:25,24.0,3390.42,4.1888,3.2295,2.4942,4.1888,3.5591,1.6945,-1.9133,-2.0181,-0.0004,24.38,36.7,24.38,38.48,31.97,14.1,0.004158,6.4472,,,1.80307,2.0,90.153,97.123,75,57,125,107.0
B0005,19,2008-04-05T22:46:35,24.0,3390.28,4.1893,3.2244,2.4557,4.1893,3.5579,1.7336,-1.9132,-2.017,0.0023,24.36,36.78,24.36,38.55,31.97,14.19,0.004184,6.444,,,1.80278,2.0,90.139,97.107,75,56,125,106.0
B0005,20,2008-04-18T21:10:19,24.0,3591.73,4.1876,3.2587,2.6321,4.1876,3.552,1.5555,-1.8553,-2.0168,0.006,24.56,34.93,24.55,38.45,32.37,13.89,0.003867,6.6109,0.044669,0.069456,1.84703,2.0,92.351,99.49,75,55,125,105.0
B0005,21,2008-04-19T02:29:09,24.0,3552.3,4.1876,3.218,2.5028,4.1876,3.5526,1.6849,-1.8747,-2.0162,0.0016,24.92,36.07,24.92,38.99,32.7,14.07,0.003961,6.611,0.044843,0.067972,1.84742,2.0,92.371,99.511,75,54,125,104.0
B0005,22,2008-04-19T07:47:15,24.0,3531.58,4.1874,3.2573,2.6175,4.1874,3.5568,1.5699,-1.8738,-2.0168,0.0025,24.57,35.57,24.57,38.51,32.32,13.95,0.00395,6.5747,0.045101,0.068528,1.83618,2.0,91.809,98.906,75,53,125,103.0
B0005,23,2008-04-19T13:01:42,24.0,3492.91,4.1873,3.2803,2.6941,4.1873,3.5614,1.4933,-1.8832,-2.016,0.0038,24.22,35.5,24.22,38.17,31.99,13.95,0.003994,6.5394,0.044172,0.068044,1.82578,2.0,91.289,98.346,75,52,125,102.0
B0005,24,2008-04-19T18:27:29,24.0,3511.59,4.1874,3.2798,2.6238,4.1874,3.5566,1.5637,-1.8732,-2.0172,0.0034,24.05,35.21,24.05,38.17,31.89,14.11,0.004018,6.5323,0.043787,0.06845,1.82511,2.0,91.256,98.31,75,51,125,101.0
B0005,25,2008-04-19T23:41:55,24.0,3431.94,4.1877,3.2051,2.5011,4.1877,3.5587,1.6867,-1.914,-2.0161,0.0013,24.03,36.51,24.02,38.28,31.78,14.25,0.004151,6.5279,0.044639,0.068341,1.82558,2.0,91.279,98.335,75,50,125,100.0
B0005,26,2008-04-20T04:54:41,24.0,3431.12,4.1883,3.2769,2.685,4.1883,3.5641,1.5033,-1.9031,-2.0169,0.0031,23.94,35.88,23.94,37.98,31.69,14.04,0.004093,6.4951,0.043559,0.068682,1.81403,2.0,90.702,97.713,75,49,125,99.0
B0005,27,2008-04-20T10:16:28,24.0,3412.41,4.1873,3.2311,2.5471,4.1873,3.5596,1.6402,-1.9135,-2.0246,0.0011,23.81,36.32,23.81,38.11,31.6,14.3,0.00419,6.4894,0.045265,0.068144,1.81477,2.0,90.738,97.753,75,48,125,98.0
B0005,28,2008-04-20T15:37:05,24.0,3410.69,4.1876,3.222,2.4713,4.1876,3.5568,1.7162,-1.9136,-2.0173,-0.0,23.75,36.41,23.75,38.19,31.57,14.43,0.004232,6.4822,0.044484,0.067826,1.81397,2.0,90.698,97.71,75,47,125,97.0
B0005,29,2008-04-20T20:50:38,24.0,3410.72,4.1881,3.2901,2.6614,4.1881,3.5624,1.5267,-1.9026,-2.0171,0.0038,23.8,35.87,23.79,38.0,31.59,14.2,0.004164,6.4514,0.044414,0.068858,1.80277,2.0,90.138,97.106,75,46,125,96.0
B0005,30,2008-04-21T02:15:02,24.0,3392.72,4.1877,3.2512,2.5418,4.1877,3.5591,1.6459,-1.9131,-2.0159,0.0007,23.8,36.41,23.8,38.19,31.6,14.39,0.004242,6.4493,0.044535,0.067794,1.80408,2.0,90.204,97.177,75,45,125,95.0
B0005,31,2008-04-22T15:33:49,24.0,3470.67,4.2011,3.2493,2.6289,4.2011,3.5573,1.5722,-1.9206,-2.0167,0.0008,23.78,36.28,23.78,38.46,31.92,14.68,0.004229,6.6214,0.045021,0.069404,1.8518,2.0,92.59,99.748,75,44,125,94.0
B0005,32,2008-04-22T20:26:18,24.0,3414.11,4.1996,3.2601,2.6313,4.1996,3.5619,1.5684,-1.9299,-2.0183,0.0012,24.2,36.74,24.2,38.49,32.08,14.29,0.004185,6.5507,0.046463,0.069938,1.8307,2.0,91.535,98.611,75,43,125,93.0
B0005,33,2008-04-23T01:18:11,24.0,3395.22,4.1999,3.2811,2.6549,4.1999,3.5618,1.545,-1.9293,-2.0166,0.0019,24.01,36.5,24.0,38.31,31.85,14.31,0.004214,6.5108,0.047724,0.069504,1.8199,2.0,90.995,98.029,75,42,125,92.0
B0005,34,2008-04-23T06:18:19,24.0,3386.0,4.1991,3.3094,2.675,4.1991,3.5597,1.5241,-1.9233,-2.0194,0.0018,23.54,36.04,23.54,37.86,31.47,14.32,0.00423,6.4692,0.04694,0.069661,1.80931,2.0,90.465,97.459,75,41,125,91.0
B0005,35,2008-04-23T11:08:00,24.0,3368.19,4.2,3.2956,2.616,4.2,3.5576,1.584,-1.9284,-2.0158,0.0075,23.57,36.22,23.57,37.91,31.41,14.34,0.004258,6.4481,0.047028,0.071129,1.80461,2.0,90.23,97.206,75,40,125,90.0
B0005,36,2008-04-23T16:06:25,24.0,3368.27,4.1997,3.3172,2.6584,4.1997,3.5597,1.5412,-1.9231,-2.0199,0.0014,23.98,36.48,23.97,38.34,31.9,14.36,0.004264,6.434,0.047755,0.071671,1.79938,2.0,89.969,96.924,75,39,125,89.0
B0005,37,2008-04-23T21:02:58,24.0,3358.72,4.1992,3.3478,2.6979,4.1992,3.5591,1.5012,-1.917,-2.0165,0.0026,23.76,35.99,23.76,38.07,31.65,14.32,0.004263,6.393,0.047023,0.069767,1.78844,2.0,89.422,96.335,75,38,125,88.0
B0005,38,2008-04-24T01:51:33,24.0,3339.5,4.2,3.3378,2.6617,4.2,3.557,1.5383,-1.922,-2.0171,0.0012,23.51,36.1,23.51,38.07,31.49,14.56,0.004359,6.3691,0.046245,0.071925,1.78292,2.0,89.146,96.037,75,37,125,87.0
B0005,39,2008-04-24T06:50:00,24.0,3331.26,4.1992,3.3644,2.6993,4.1992,3.5562,1.4999,-1.9162,-2.018,0.0024,23.28,35.86,23.27,37.8,31.33,14.52,0.004358,6.332,0.046186,0.071938,1.77303,2.0,88.652,95.505,75,36,125,86.0
B0005,40,2008-04-24T11:49:24,24.0,3321.19,4.1994,3.336,2.6128,4.1994,3.5533,1.5866,-1.9221,-2.0177,0.0021,23.44,36.41,23.44,38.4,31.57,14.96,0.004504,6.3279,0.047737,0.07034,1.77304,2.0,88.652,95.505,75,35,125,85.0
B0005,41,2008-04-24T16:45:56,24.0,3321.84,4.1996,3.3557,2.6637,4.1996,3.5563,1.5359,-1.9162,-2.0168,0.0015,24.02,36.77,24.02,38.75,32.11,14.73,0.004434,6.3148,0.048383,0.069738,1.76787,2.0,88.394,95.227,75,34,125,84.0
B0005,42,2008-04-24T21:38:11,24.0,3311.83,4.1995,3.3615,2.6668,4.1995,3.5563,1.5327,-1.9159,-2.0173,0.0018,24.26,36.85,24.26,38.87,32.27,14.62,0.004413,6.2947,0.048038,0.070125,1.76232,2.0,88.116,94.927,75,33,125,83.0
B0005,43,2008-04-25T12:03:44,24.0,3327.39,4.1941,3.347,2.6844,4.1941,3.559,1.5097,-1.9114,-2.0159,0.0005,23.99,36.71,23.99,38.5,31.84,14.51,0.004361,6.3126,0.048087,0.069713,1.76762,2.0,88.381,95.213,75,32,125,82.0
B0005,44,2008-04-25T20:03:55,24.0,3312.08,4.2007,3.3712,2.6452,4.2007,3.5534,1.5555,-1.9158,-2.0219,0.0024,23.83,36.38,23.83,38.27,31.76,14.44,0.00436,6.2903,0.048087,0.069713,1.76267,2.0,88.133,94.946,75,31,125,81.0
B0005,45,2008-04-26T01:04:35,24.0,3293.17,4.1991,3.38,2.6604,4.1991,3.551,1.5387,-1.9151,-2.017,0.0006,23.35,36.18,23.35,38.12,31.42,14.77,0.004484,6.2461,0.047547,0.07318,1.75173,2.0,87.587,94.357,75,30,125,80.0
B0005,46,2008-04-26T05:57:35,24.0,3275.33,4.1994,3.3919,2.6927,4.1994,3.5513,1.5067,-1.9148,-2.0162,0.0008,23.24,36.07,23.24,38.04,31.33,14.81,0.00452,6.2103,0.047641,0.071652,1.74185,2.0,87.092,93.825,75,29,125,79.0
B0005,47,2008-04-26T10:58:25,24.0,3265.02,4.1991,3.3893,2.6705,4.1991,3.549,1.5286,-1.9144,-2.0171,0.0015,23.21,36.07,23.21,38.18,31.36,14.97,0.004583,6.1861,0.048424,0.0725,1.73609,2.0,86.805,93.515,75,28,125,78.0
B0005,48,2008-04-29T12:15:56,24.0,3328.94,4.1904,3.24,2.6052,4.1904,3.5598,1.5853,-1.9389,-2.0168,0.0025,26.65,39.4,26.65,40.71,34.31,14.06,0.004225,6.4123,0.048424,0.0725,1.79362,2.0,89.681,96.614,75,27,125,77.0
B0005,49,2008-04-29T17:05:27,24.0,3329.27,4.1999,3.3111,2.672,4.1999,3.5623,1.5279,-1.9275,-2.0166,0.0029,25.7,38.25,25.7,39.89,33.44,14.18,0.004261,6.3796,0.049431,0.070141,1.78319,2.0,89.159,96.052,75,26,125,76.0
B0005,50,2008-04-29T22:00:04,24.0,3301.58,4.1994,3.3329,2.6743,4.1994,3.5583,1.5251,-1.9267,-2.0225,0.0012,24.84,37.66,24.83,39.18,32.67,14.35,0.004345,6.3148,0.049748,0.07113,1.76736,2.0,88.368,95.199,75,25,125,75.0
B0005,51,2008-04-30T02:43:55,24.0,3283.56,4.199,3.3338,2.6309,4.199,3.554,1.5681,-1.9261,-2.0168,0.0027,24.36,37.41,24.36,38.95,32.28,14.59,0.004443,6.2704,0.049885,0.071983,1.75702,2.0,87.851,94.642,75,24,125,74.0
B0005,52,2008-04-30T07:41:42,24.0,3275.12,4.1994,3.3615,2.663,4.1994,3.5524,1.5365,-1.9202,-2.0173,0.0031,24.02,36.98,24.02,38.61,32.01,14.59,0.004454,6.2311,0.049216,0.071464,1.74687,2.0,87.344,94.095,75,23,125,73.0
B0005,53,2008-04-30T12:28:49,24.0,3265.66,4.1996,3.3529,2.6129,4.1996,3.5496,1.5867,-1.9201,-2.0159,0.0013,24.02,37.11,24.01,38.92,32.06,14.9,0.004563,6.2086,0.049946,0.070887,1.74172,2.0,87.086,93.818,75,22,125,72.0
B0005,54,2008-04-30T17:20:16,24.0,3266.09,4.1993,3.3652,2.6157,4.1993,3.5494,1.5836,-1.9144,-2.0206,0.001,24.34,37.45,24.33,39.23,32.44,14.9,0.004561,6.1902,0.04897,0.071782,1.73642,2.0,86.821,93.533,75,21,125,71.0
B0005,55,2008-04-30T22:14:54,24.0,3257.59,4.1989,3.3858,2.6288,4.1989,3.5472,1.5702,-1.9083,-2.0176,0.0021,24.12,36.88,24.12,38.96,32.17,14.84,0.004556,6.1504,0.050229,0.071832,1.72632,2.0,86.316,92.989,75,20,125,70.0
B0005,56,2008-05-01T03:15:33,24.0,3248.59,4.1983,3.4084,2.6655,4.1983,3.5467,1.5328,-1.9022,-2.0164,0.0018,23.97,36.63,23.97,38.84,32.06,14.87,0.004577,6.1114,0.049715,0.07139,1.71581,2.0,85.79,92.422,75,19,125,69.0
B0005,57,2008-05-01T08:16:03,24.0,3238.77,4.199,3.4098,2.6505,4.199,3.5446,1.5485,-1.902,-2.017,0.0014,23.84,36.73,23.84,38.83,31.98,14.99,0.004628,6.0889,0.049132,0.072452,1.71053,2.0,85.527,92.138,75,18,125,68.0
B0005,58,2008-05-01T13:14:24,24.0,3240.14,4.1992,3.4173,2.6432,4.1992,3.5436,1.5559,-1.8965,-2.0168,0.0049,23.96,36.83,23.96,39.14,32.22,15.18,0.004686,6.072,0.04921,0.07304,1.70601,2.0,85.301,91.895,75,17,125,67.0
B0005,59,2008-05-01T18:11:10,24.0,3230.11,4.1992,3.4218,2.6565,4.1992,3.5445,1.5428,-1.896,-2.02,0.0018,24.47,37.09,24.47,39.35,32.56,14.88,0.004608,6.0529,0.049506,0.072511,1.70031,2.0,85.016,91.588,75,16,125,66.0
B0005,60,2008-05-01T23:10:15,24.0,3229.78,4.1993,3.4271,2.6262,4.1993,3.5409,1.5731,-1.89,-2.0164,0.0049,24.27,36.76,24.27,39.29,32.4,15.03,0.004653,6.0273,0.048652,0.072018,1.69458,2.0,84.729,91.279,75,15,125,65.0
B0005,61,2008-05-02T03:53:34,24.0,3212.47,4.1996,3.4382,2.6582,4.1996,3.5412,1.5414,-1.8894,-2.0265,0.0024,24.15,36.67,24.14,39.1,32.29,14.96,0.004656,5.9921,0.049166,0.07317,1.6849,2.0,84.245,90.758,75,14,125,64.0
B0005,62,2008-05-02T08:44:40,24.0,3213.22,4.1994,3.4656,2.6951,4.1994,3.5407,1.5043,-1.8777,-2.0173,0.0015,23.94,36.23,23.93,39.05,32.14,15.11,0.004703,5.9534,0.049234,0.072771,1.67447,2.0,83.724,90.196,75,13,125,63.0
B0005,63,2008-05-02T13:43:05,24.0,3203.58,4.199,3.445,2.6391,4.199,3.5376,1.5599,-1.8831,-2.0226,0.0059,24.08,36.84,24.08,39.4,32.38,15.32,0.004781,5.9499,0.050548,0.072709,1.67457,2.0,83.728,90.201,75,12,125,62.0
B0005,64,2008-05-02T19:07:48,24.0,3195.12,4.1978,3.4675,2.6857,4.1978,3.5384,1.5121,-1.8764,-2.0159,0.0034,24.43,36.31,24.43,39.11,32.31,14.68,0.004594,5.9111,0.050119,0.07301,1.66372,2.0,83.186,89.616,75,11,125,61.0
B0005,65,2008-05-02T23:24:17,24.0,3195.31,4.2013,3.4717,2.6902,4.2013,3.5393,1.5112,-1.871,-2.0169,0.0012,24.33,36.58,24.33,39.44,32.57,15.12,0.004731,5.8968,0.050119,0.07301,1.65901,2.0,82.951,89.363,75,10,125,60.0
B0005,66,2008-05-03T04:13:08,24.0,3186.3,4.1993,3.4661,2.6399,4.1993,3.5337,1.5594,-1.8706,-2.019,0.0007,24.13,36.62,24.12,39.51,32.47,15.38,0.004826,5.8701,0.049793,0.073437,1.65385,2.0,82.693,89.085,75,9,125,59.0
B0005,67,2008-05-03T09:10:19,24.0,3176.44,4.1989,3.4853,2.6899,4.1989,3.5344,1.509,-1.864,-2.018,0.0017,23.98,36.29,23.98,39.33,32.35,15.35,0.004834,5.8297,0.049865,0.073213,1.64265,2.0,82.133,88.482,75,8,125,58.0
B0005,68,2008-05-03T14:04:34,24.0,3167.59,4.1985,3.48,2.6594,4.1985,3.5313,1.5392,-1.8637,-2.0158,0.0009,23.98,36.4,23.97,39.44,32.37,15.46,0.004881,5.8084,0.049812,0.074596,1.63786,2.0,81.893,88.223,75,7,125,57.0
B0005,69,2008-05-03T18:58:13,24.0,3167.72,4.1989,3.4876,2.6657,4.1989,3.5309,1.5332,-1.8578,-2.0192,0.0032,24.04,36.34,24.04,39.51,32.46,15.48,0.004885,5.7893,0.048507,0.074583,1.63274,2.0,81.637,87.948,75,6,125,56.0
B0005,70,2008-05-03T23:42:30,24.0,3159.08,4.1996,3.4846,2.643,4.1996,3.5287,1.5566,-1.8572,-2.0178,0.0023,24.08,36.42,24.07,39.6,32.5,15.52,0.004913,5.7687,0.050023,0.073664,1.62775,2.0,81.388,87.679,75,5,125,55.0
B0005,71,2008-05-04T04:41:40,24.0,3148.83,4.1988,3.484,2.6311,4.1988,3.5263,1.5677,-1.8568,-2.0162,0.0036,24.04,36.47,24.04,39.69,32.5,15.64,0.004968,5.7447,0.050205,0.073719,1.62213,2.0,81.106,87.376,75,4,125,54.0
B0005,72,2008-05-04T09:40:11,24.0,3149.09,4.1991,3.5085,2.6962,4.1991,3.5287,1.5029,-1.8449,-2.0184,0.0024,24.01,36.02,24.01,39.54,32.47,15.53,0.004931,5.7086,0.049759,0.074656,1.61133,2.0,80.566,86.794,75,3,125,53.0
B0005,73,2008-05-04T14:38:13,24.0,3140.55,4.1985,3.5038,2.6668,4.1985,3.5256,1.5318,-1.8444,-2.02,0.0018,23.99,36.12,23.99,39.65,32.5,15.66,0.004985,5.6873,0.049687,0.073554,1.60656,2.0,80.328,86.538,75,2,125,52.0
B0005,74,2008-05-04T19:37:07,24.0,3131.62,4.1987,3.5001,2.6403,4.1987,3.5227,1.5584,-1.8439,-2.0161,0.0024,23.99,36.2,23.98,39.7,32.51,15.71,0.005017,5.6654,0.04995,0.074623,1.60151,2.0,80.076,86.266,75,1,125,51.0
B0005,75,2008-05-05T00:35:53,24.0,3121.91,4.1988,3.5177,2.6989,4.1988,3.5247,1.4999,-1.8371,-2.0172,0.0035,23.93,35.87,23.93,39.56,32.46,15.63,0.005007,5.6272,0.050283,0.073604,1.59037,2.0,79.518,85.665,75,0,125,50.0
B0005,76,2008-05-05T05:28:13,24.0,3122.12,4.1988,3.5174,2.6682,4.1988,3.5213,1.5305,-1.8316,-2.0176,0.0029,23.88,35.81,23.88,39.64,32.45,15.76,0.005047,5.6064,0.04992,0.074642,1.58579,2.0,79.289,85.419,75,0,125,49.0
B0005,77,2008-05-05T11:41:31,24.0,3121.67,4.2003,3.516,2.6479,4.2003,3.518,1.5524,-1.8311,-2.0163,0.0017,23.91,35.67,23.9,39.44,32.33,15.53,0.004974,5.5981,0.05008,0.075477,1.58494,2.0,79.247,85.373,75,0,125,48.0
B0005,78,2008-05-05T20:40:08,24.0,3120.86,4.2011,3.497,2.6742,4.2011,3.5237,1.527,-1.8433,-2.0163,0.0031,24.47,36.35,24.47,39.84,32.84,15.37,0.004924,5.6461,0.05008,0.075477,1.59553,2.0,79.776,85.943,75,0,125,47.0
B0005,79,2008-05-06T01:38:46,24.0,3103.83,4.1982,3.5202,2.6893,4.1982,3.5191,1.5089,-1.8298,-2.0161,0.0022,23.82,35.52,23.81,39.42,32.32,15.59,0.005024,5.5631,0.054873,0.079344,1.57473,2.0,78.737,84.823,75,0,125,46.0
B0005,80,2008-05-06T06:37:06,24.0,3095.09,4.1985,3.5292,2.6888,4.1985,3.5162,1.5097,-1.8237,-2.0176,0.0027,23.41,35.27,23.41,39.26,32.06,15.86,0.005123,5.5227,0.05524,0.080024,1.5649,2.0,78.245,84.294,75,0,125,45.0
B0005,81,2008-05-06T11:25:21,24.0,3095.78,4.1988,3.5307,2.6744,4.1988,3.5148,1.5245,-1.8177,-2.0184,0.0026,23.51,35.35,23.5,39.47,32.22,15.97,0.005157,5.5028,0.05508,0.08045,1.55977,2.0,77.988,84.017,75,0,125,44.0
B0005,82,2008-05-06T16:23:36,24.0,3094.33,4.1981,3.5213,2.643,4.1981,3.5133,1.5551,-1.8179,-2.0168,0.0015,23.99,35.94,23.99,40.04,32.71,16.05,0.005187,5.5015,0.054846,0.080995,1.55948,2.0,77.974,84.002,75,0,125,43.0
B0005,83,2008-05-06T21:21:49,24.0,3086.53,4.1983,3.5235,2.6585,4.1983,3.5145,1.5398,-1.8172,-2.0195,0.0054,24.33,36.05,24.33,40.14,32.95,15.81,0.005122,5.486,0.058089,0.079006,1.55469,2.0,77.734,83.744,75,0,125,42.0
B0005,84,2008-05-07T02:17:25,24.0,3085.62,4.198,3.5255,2.6298,4.198,3.511,1.5683,-1.811,-2.025,0.0013,24.21,35.85,24.21,40.12,32.86,15.9,0.005155,5.4603,0.0564,0.081815,1.54887,2.0,77.444,83.43,75,0,125,41.0
B0005,85,2008-05-07T07:04:02,24.0,3067.2,4.199,3.5348,2.6623,4.199,3.5109,1.5368,-1.8094,-2.0172,0.0037,24.0,35.58,24.0,39.88,32.63,15.87,0.005176,5.4206,0.057159,0.080867,1.53824,2.0,76.912,82.857,75,0,125,40.0
B0005,86,2008-05-07T12:01:49,24.0,3058.16,4.1977,3.5459,2.6824,4.1977,3.5094,1.5153,-1.8027,-2.0204,0.0014,23.67,35.19,23.67,39.62,32.38,15.95,0.005216,5.3804,0.056999,0.082501,1.52791,2.0,76.396,82.301,75,0,125,39.0
B0005,87,2008-05-07T16:59:29,24.0,3058.81,4.1976,3.5363,2.6402,4.1976,3.5067,1.5574,-1.8032,-2.0167,0.0021,23.85,35.64,23.85,40.07,32.68,16.21,0.005301,5.3803,0.057916,0.081751,1.52853,2.0,76.426,82.334,75,0,125,38.0
B0005,88,2008-05-07T21:56:09,24.0,3058.58,4.198,3.5468,2.6938,4.198,3.511,1.5042,-1.7966,-2.017,0.0022,24.24,35.7,24.24,40.25,32.99,16.0,0.005232,5.3649,0.058583,0.082694,1.52265,2.0,76.132,82.018,75,0,125,37.0
B0005,89,2008-05-08T02:53:49,24.0,3049.33,4.1982,3.548,2.6958,4.1982,3.5103,1.5024,-1.796,-2.0177,0.003,24.3,35.75,24.3,40.3,33.05,16.0,0.005246,5.3454,0.056844,0.082273,1.51749,2.0,75.874,81.74,75,0,125,36.0
B0005,90,2008-05-09T12:25:07,24.0,3177.22,4.2229,3.5251,2.6921,4.2229,3.5222,1.5309,-1.8229,-2.0171,0.0015,24.12,36.01,24.11,40.09,32.86,15.98,0.005029,5.6795,0.056672,0.082916,1.60582,2.0,80.291,86.498,75,0,125,35.0
B0005,91,2008-05-09T20:28:09,24.0,3082.94,4.2004,3.494,2.6291,4.2004,3.5163,1.5714,-1.8294,-2.0177,0.0029,24.73,36.76,24.72,40.52,33.34,15.8,0.005124,5.5258,0.058223,0.076151,1.56385,2.0,78.192,84.237,75,0,125,34.0
B0005,92,2008-05-10T01:21:56,24.0,3074.27,4.1984,3.51,2.6313,4.1984,3.5134,1.567,-1.8163,-2.0161,0.0017,24.74,36.5,24.74,40.57,33.35,15.83,0.00515,5.4643,0.058694,0.080997,1.54809,2.0,77.405,83.388,75,0,125,33.0
B0005,93,2008-05-10T06:18:12,24.0,3066.0,4.1984,3.5359,2.6984,4.1984,3.5151,1.5,-1.8034,-2.0174,0.0017,24.5,35.91,24.49,40.28,33.15,15.78,0.005145,5.408,0.056874,0.080792,1.53238,2.0,76.619,82.542,75,0,125,32.0
B0005,94,2008-05-10T11:16:04,24.0,3056.44,4.1979,3.5294,2.6338,4.1979,3.5083,1.564,-1.8027,-2.018,0.0032,24.27,35.88,24.25,40.29,33.01,16.03,0.005243,5.3795,0.058401,0.081617,1.52695,2.0,76.348,82.25,75,0,125,31.0
B0005,95,2008-05-10T16:11:56,24.0,3048.22,4.198,3.5419,2.6716,4.198,3.5092,1.5264,-1.7959,-2.0167,0.0012,24.15,35.63,24.15,40.18,32.92,16.04,0.005261,5.3437,0.057139,0.08203,1.51696,2.0,75.848,81.711,75,0,125,30.0
B0005,96,2008-05-10T21:07:54,24.0,3039.22,4.1979,3.5401,2.6541,4.1979,3.5068,1.5438,-1.7953,-2.0185,0.0027,24.21,35.75,24.21,40.32,33.0,16.11,0.005301,5.3225,0.056847,0.084309,1.5119,2.0,75.595,81.439,75,0,125,29.0
B0005,97,2008-05-11T02:05:21,24.0,3039.05,4.1977,3.5453,2.6568,4.1977,3.5061,1.5409,-1.7894,-2.0206,0.003,24.23,35.64,24.23,40.34,33.04,16.11,0.0053,5.3021,0.059715,0.081281,1.50656,2.0,75.328,81.151,75,0,125,28.0
B0005,98,2008-05-11T06:55:27,24.0,3030.38,4.1979,3.5431,2.6363,4.1979,3.5037,1.5616,-1.7884,-2.0174,0.002,24.26,35.72,24.26,40.43,33.08,16.17,0.005337,5.2812,0.057876,0.082762,1.50155,2.0,75.077,80.881,75,0,125,27.0
B0005,99,2008-05-11T11:52:47,24.0,3021.0,4.1973,3.558,2.6995,4.1973,3.5067,1.4978,-1.7815,-2.0225,0.0027,24.23,35.47,24.23,40.31,33.05,16.09,0.005325,5.2451,0.057106,0.083893,1.49084,2.0,74.542,80.305,75,0,125,26.0
B0005,100,2008-05-11T16:49:58,24.0,3021.75,4.1975,3.562,2.6982,4.1975,3.5059,1.4993,-1.7753,-2.0179,0.0006,24.27,35.42,24.27,40.39,33.12,16.11,0.005332,5.2262,0.058324,0.082336,1.48587,2.0,74.293,80.037,75,0,125,25.0
B0005,101,2008-05-11T21:47:12,24.0,3012.26,4.1974,3.5617,2.6912,4.1974,3.5042,1.5063,-1.7742,-2.0185,0.0026,24.26,35.44,24.26,40.43,33.13,16.17,0.005368,5.2042,0.05854,0.0826,1.48041,2.0,74.021,79.743,75,0,125,24.0
B0005,102,2008-05-12T02:36:58,24.0,3002.64,4.1977,3.5627,2.6902,4.1977,3.5031,1.5076,-1.7739,-2.0172,0.0023,24.25,35.44,24.25,40.44,33.13,16.19,0.005392,5.184,0.05761,0.083618,1.47521,2.0,73.76,79.462,75,0,125,23.0
B0005,103,2008-05-12T12:56:34,24.0,3012.0,4.1925,3.5448,2.6355,4.1925,3.4982,1.557,-1.781,-2.017,0.0014,24.34,35.71,24.34,40.58,33.2,16.24,0.005392,5.2176,0.056877,0.084536,1.4859,2.0,74.295,80.038,75,0,125,22.0
B0005,104,2008-05-12T18:59:59,24.0,3020.11,4.2028,3.5358,2.6595,4.2028,3.5066,1.5434,-1.7879,-2.0206,0.0038,25.06,36.32,25.05,41.0,33.79,15.94,0.005278,5.2681,0.058412,0.078166,1.49609,2.0,74.805,80.587,75,0,125,21.0
B0005,105,2008-05-12T23:53:17,24.0,3002.17,4.198,3.5446,2.6446,4.198,3.5015,1.5534,-1.7802,-2.0181,0.0029,24.85,36.14,24.85,41.0,33.67,16.15,0.005378,5.205,0.060198,0.083773,1.4808,2.0,74.04,79.764,75,0,125,20.0
B0005,106,2008-05-13T04:35:25,24.0,2992.7,4.198,3.5564,2.672,4.198,3.5017,1.5261,-1.7731,-2.0179,0.0008,24.69,35.82,24.68,40.84,33.54,16.15,0.005398,5.1642,0.059884,0.083612,1.46975,2.0,73.488,79.169,75,0,125,19.0
B0005,107,2008-05-13T09:24:04,24.0,2964.47,4.1922,3.5574,2.6598,4.1922,3.4966,1.5323,-1.7706,-2.0276,0.0054,24.44,35.65,24.44,40.69,33.32,16.25,0.00548,5.1004,0.058875,0.083706,1.4539,2.0,72.695,78.315,75,0,125,18.0
B0005,108,2008-05-13T14:20:24,24.0,2983.38,4.197,3.5704,2.6884,4.197,3.4992,1.5086,-1.7601,-2.0173,0.0016,24.38,35.39,24.38,40.7,33.35,16.32,0.005469,5.1032,0.058445,0.084351,1.45415,2.0,72.707,78.328,75,0,125,17.0
B0005,109,2008-05-13T19:04:20,24.0,2975.3,4.1976,3.5577,2.6377,4.1976,3.4961,1.5599,-1.7656,-2.0171,0.0027,24.72,35.9,24.7,41.06,33.65,16.34,0.005494,5.1043,0.060551,0.083281,1.45502,2.0,72.751,78.375,75,0,125,16.0
B0005,110,2008-05-13T23:59:26,24.0,2974.99,4.1964,3.5621,2.6451,4.1964,3.4959,1.5513,-1.7588,-2.0179,0.0032,24.85,35.88,24.85,41.2,33.79,16.35,0.005494,5.0826,0.05995,0.08319,1.44904,2.0,72.452,78.053,75,0,125,15.0
B0005,111,2008-05-14T04:55:57,24.0,2966.25,4.1971,3.5768,2.698,4.1971,3.4976,1.4991,-1.7516,-2.0291,0.0038,24.59,35.37,24.58,40.84,33.52,16.25,0.005479,5.045,0.059565,0.08487,1.43867,2.0,71.934,77.494,75,0,125,14.0
B0005,112,2008-05-14T09:52:22,24.0,2956.36,4.1969,3.5772,2.6929,4.1969,3.4957,1.504,-1.7513,-2.025,0.0013,24.39,35.32,24.38,40.76,33.39,16.38,0.00554,5.0237,0.059853,0.084739,1.43345,2.0,71.672,77.213,75,0,125,13.0
B0005,113,2008-05-14T14:35:22,24.0,2956.34,4.1971,3.5697,2.6484,4.1971,3.4929,1.5487,-1.7512,-2.017,0.0017,24.65,35.64,24.64,41.11,33.67,16.47,0.00557,5.0214,0.058745,0.087117,1.4334,2.0,71.67,77.21,75,0,125,12.0
B0005,114,2008-05-14T19:31:39,24.0,2956.41,4.1962,3.5763,2.6832,4.1962,3.4955,1.513,-1.7446,-2.0176,0.0023,24.93,35.69,24.93,41.27,33.91,16.34,0.005527,5.0052,0.060838,0.084909,1.42806,2.0,71.403,76.923,75,0,125,11.0
B0005,115,2008-05-15T00:27:55,24.0,2947.27,4.1968,3.578,2.685,4.1968,3.4942,1.5118,-1.7436,-2.0245,0.0014,24.8,35.57,24.8,41.16,33.79,16.35,0.005548,4.9848,0.059938,0.0848,1.42292,2.0,71.146,76.646,75,0,125,10.0
B0005,116,2008-05-15T05:24:04,24.0,2937.98,4.1962,3.5783,2.6699,4.1962,3.4912,1.5263,-1.7425,-2.0169,0.0033,24.58,35.41,24.58,41.03,33.61,16.45,0.0056,4.9607,0.059596,0.085188,1.41743,2.0,70.871,76.35,75,0,125,9.0
B0005,117,2008-05-15T10:20:03,24.0,2929.12,4.1966,3.5795,2.6641,4.1966,3.4889,1.5325,-1.742,-2.0198,0.0026,24.36,35.3,24.35,40.94,33.46,16.58,0.00566,4.9396,0.058401,0.086329,1.41241,2.0,70.62,76.08,75,0,125,8.0
B0005,118,2008-05-15T15:10:59,24.0,2928.45,4.1969,3.5733,2.6341,4.1969,3.4874,1.5628,-1.7422,-2.0182,0.001,24.62,35.61,24.62,41.24,33.72,16.62,0.005677,4.9396,0.062605,0.085021,1.41258,2.0,70.629,76.089,75,0,125,7.0
B0005,119,2008-05-15T19:56:47,24.0,2929.38,4.1968,3.5809,2.6838,4.1968,3.492,1.513,-1.7358,-2.0179,0.0023,25.03,35.72,25.01,41.44,34.05,16.41,0.005601,4.9274,0.061152,0.084856,1.4076,2.0,70.38,75.821,75,0,125,6.0
B0005,120,2008-05-16T16:54:59,24.0,2946.03,4.1893,3.5559,2.66,4.1893,3.4916,1.5293,-1.7568,-2.0172,0.0036,25.16,35.9,25.16,41.17,33.89,16.01,0.005434,5.0219,0.059631,0.085035,1.43339,2.0,71.67,77.21,75,0,125,5.0
B0005,121,2008-05-16T21:37:39,24.0,2955.44,4.2011,3.5519,2.65,4.2011,3.4956,1.5511,-1.7573,-2.0257,0.0023,25.21,36.12,25.21,41.36,34.07,16.15,0.005465,5.0463,0.059631,0.085035,1.43826,2.0,71.913,77.472,75,0,125,4.0
B0005,122,2008-05-17T02:32:13,24.0,2937.62,4.1969,3.5736,2.6937,4.1969,3.4939,1.5032,-1.7428,-2.0173,0.0034,24.85,35.49,24.84,41.02,33.75,16.17,0.005504,4.9657,0.060987,0.08584,1.41735,2.0,70.868,76.346,75,0,125,3.0
B0005,123,2008-05-17T07:25:19,24.0,2929.08,4.1969,3.5822,2.6971,4.1969,3.4916,1.4998,-1.7353,-2.017,0.0026,24.48,35.09,24.47,40.79,33.46,16.31,0.005569,4.9238,0.061004,0.085884,1.40698,2.0,70.349,75.787,75,0,125,2.0
B0005,124,2008-05-17T12:21:15,24.0,2918.38,4.1967,3.5821,2.6807,4.1967,3.4886,1.516,-1.7344,-2.0173,0.002,24.35,35.08,24.34,40.82,33.4,16.47,0.005643,4.8991,0.062329,0.088222,1.4012,2.0,70.06,75.476,75,0,125,1.0
B0005,125,2008-05-17T17:15:37,24.0,2919.81,4.1963,3.5845,2.6695,4.1963,3.4869,1.5268,-1.728,-2.0175,0.0046,24.33,34.98,24.32,40.86,33.41,16.53,0.005662,4.8804,0.061503,0.08727,1.3967,2.0,69.835,75.234,75,0,125,0.0
B0005,126,2008-05-17T22:10:51,24.0,2900.42,4.1962,3.583,2.6717,4.1962,3.4855,1.5245,-1.7327,-2.0162,0.0023,24.28,35.08,24.28,40.84,33.39,16.56,0.005709,4.8597,0.061419,0.087204,1.39128,2.0,69.564,74.942,75,0,125,0.0
B0005,127,2008-05-18T03:05:19,24.0,2901.38,4.1958,3.5856,2.6613,4.1958,3.4839,1.5345,-1.7261,-2.0179,0.0023,24.24,34.95,24.24,40.85,33.37,16.61,0.005727,4.8389,0.061217,0.087282,1.38623,2.0,69.311,74.669,75,0,125,0.0
B0005,128,2008-05-18T08:00:50,24.0,2901.19,4.1955,3.5911,2.6678,4.1955,3.4832,1.5276,-1.7195,-2.0165,0.0017,24.12,34.7,24.12,40.75,33.27,16.62,0.00573,4.8163,0.062704,0.086791,1.38044,2.0,69.022,74.357,75,0,125,0.0
B0005,129,2008-05-18T12:44:48,24.0,2891.64,4.1965,3.5941,2.684,4.1965,3.4836,1.5125,-1.7186,-2.0163,0.0022,24.05,34.67,24.05,40.69,33.22,16.63,0.005753,4.7977,0.061726,0.088378,1.37524,2.0,68.762,74.077,75,0,125,0.0
B0005,130,2008-05-18T17:36:29,24.0,2882.91,4.1944,3.5911,2.6585,4.1944,3.4802,1.5358,-1.7177,-2.0164,0.0049,24.06,34.73,24.06,40.78,33.26,16.72,0.005799,4.777,0.061852,0.086979,1.37051,2.0,68.526,73.823,75,0,125,0.0
B0005,131,2008-05-18T22:31:45,24.0,2883.26,4.1959,3.5888,2.6372,4.1959,3.4785,1.5586,-1.7177,-2.0167,0.0012,24.09,34.79,24.09,40.88,33.31,16.8,0.005825,4.7752,0.063104,0.088522,1.37051,2.0,68.525,73.823,75,0,125,0.0
B0005,132,2008-05-19T03:27:07,24.0,2882.97,4.1956,3.5942,2.6514,4.1956,3.4786,1.5442,-1.711,-2.0156,0.0025,24.01,34.6,24.01,40.81,33.25,16.8,0.005828,4.7537,0.062287,0.089231,1.36474,2.0,68.237,73.512,75,0,125,0.0
B0005,133,2008-05-19T15:34:33,24.0,2891.66,4.1866,3.5833,2.6764,4.1885,3.4825,1.5102,-1.7184,-2.0157,0.0024,24.72,35.2,24.72,41.12,33.75,16.4,0.005671,4.7993,0.062705,0.088387,1.37539,2.0,68.77,74.086,75,0,125,0.0
B0005,134,2008-05-19T20:59:48,24.0,2901.25,4.2003,3.5804,2.6949,4.2003,3.4887,1.5054,-1.726,-2.0158,0.0021,24.84,35.38,24.84,41.25,33.89,16.41,0.005655,4.8466,0.062705,0.088387,1.38611,2.0,69.306,74.663,75,0,125,0.0
B0005,135,2008-05-20T01:16:42,24.0,2891.7,4.1982,3.5924,2.6973,4.1982,3.4859,1.5008,-1.712,-2.016,0.0015,24.58,35.02,24.58,41.16,33.74,16.58,0.005734,4.7826,0.062705,0.088387,1.36985,2.0,68.493,73.787,75,0,125,0.0
B0005,136,2008-05-20T06:12:06,24.0,2883.02,4.1957,3.5893,2.6425,4.1957,3.4788,1.5532,-1.711,-2.0165,0.0015,24.34,34.92,24.34,41.16,33.59,16.82,0.005836,4.7557,0.053286,0.081569,1.36478,2.0,68.239,73.514,75,0,125,0.0
B0005,137,2008-05-20T11:07:23,24.0,2873.45,4.1958,3.6023,2.6992,4.1958,3.4813,1.4965,-1.7034,-2.0182,0.003,24.03,34.52,24.03,40.86,33.32,16.83,0.005858,4.7187,0.052931,0.082757,1.35432,2.0,67.716,72.951,75,0,125,0.0
B0005,138,2008-05-20T15:57:27,24.0,2874.03,4.1959,3.597,2.6765,4.1959,3.4804,1.5194,-1.7036,-2.0162,0.0015,24.4,34.96,24.39,41.25,33.69,16.85,0.005864,4.7206,0.055889,0.082263,1.35464,2.0,67.732,72.968,75,0,125,0.0
B0005,139,2008-05-20T20:50:39,24.0,2874.23,4.1958,3.5923,2.6421,4.1958,3.4781,1.5537,-1.7035,-2.0176,0.0031,24.65,35.09,24.65,41.45,33.89,16.8,0.005846,4.7189,0.058418,0.080298,1.3547,2.0,67.735,72.971,75,0,125,0.0
B0005,140,2008-05-21T01:39:38,24.0,2864.98,4.1963,3.5955,2.6447,4.1963,3.4766,1.5515,-1.7023,-2.0173,0.0057,24.41,34.87,24.4,41.28,33.67,16.87,0.005888,4.6966,0.056411,0.081922,1.34931,2.0,67.466,72.681,75,0,125,0.0
B0005,141,2008-05-21T06:24:27,24.0,2855.09,4.1966,3.5968,2.6323,4.1966,3.4734,1.5643,-1.7014,-2.0172,0.0031,24.07,34.65,24.07,41.06,33.41,16.99,0.005952,4.6737,0.05568,0.081774,1.34419,2.0,67.209,72.405,75,0,125,0.0
B0005,142,2008-05-21T11:18:06,24.0,2855.62,4.1959,3.6018,2.6391,4.1959,3.4726,1.5568,-1.695,-2.0197,0.0018,23.87,34.45,23.87,40.99,33.3,17.12,0.005995,4.6531,0.05621,0.083281,1.33899,2.0,66.95,72.125,75,0,125,0.0
B0005,143,2008-05-21T16:10:21,24.0,2855.59,4.196,3.5993,2.6378,4.196,3.4734,1.5582,-1.6951,-2.0169,0.005,24.17,34.76,24.17,41.29,33.6,17.12,0.005994,4.6547,0.055795,0.08295,1.33891,2.0,66.946,72.121,75,0,125,0.0
B0005,144,2008-05-21T21:02:09,24.0,2847.44,4.1962,3.6036,2.6683,4.1962,3.4755,1.5279,-1.6938,-2.02,0.0025,24.29,34.68,24.28,41.23,33.62,16.94,0.00595,4.639,0.0578,0.081903,1.33401,2.0,66.7,71.856,75,0,125,0.0
B0005,145,2008-05-22T01:42:59,24.0,2847.36,4.1955,3.6059,2.649,4.1955,3.4723,1.5465,-1.6869,-2.0167,0.0029,24.01,34.36,24.01,41.05,33.39,17.03,0.005982,4.6149,0.055775,0.082947,1.32864,2.0,66.432,71.568,75,0,125,0.0
B0005,146,2008-05-22T06:32:40,24.0,2837.33,4.1957,3.6105,2.6641,4.1957,3.4714,1.5317,-1.6861,-2.0164,0.0043,23.72,34.13,23.72,40.86,33.17,17.14,0.006042,4.5931,0.056559,0.082375,1.32317,2.0,66.159,71.273,75,0,125,0.0
B0005,147,2008-05-22T11:23:22,24.0,2837.28,4.1959,3.6163,2.6884,4.1959,3.4726,1.5075,-1.6796,-2.0162,0.0023,23.58,33.97,23.56,40.79,33.11,17.21,0.006067,4.5757,0.053344,0.084486,1.31817,2.0,65.908,71.003,75,0,125,0.0
B0005,148,2008-05-22T16:17:58,24.0,2838.51,4.1953,3.6135,2.687,4.1953,3.4738,1.5084,-1.6798,-2.0168,0.0042,23.96,34.37,23.96,41.14,33.47,17.18,0.006053,4.5793,0.056262,0.083066,1.31847,2.0,65.923,71.019,75,0,125,0.0
B0005,149,2008-05-22T20:59:50,24.0,2828.33,4.1961,3.6071,2.6508,4.1961,3.4701,1.5453,-1.6852,-2.0188,0.0033,23.97,34.44,23.97,41.14,33.44,17.18,0.006073,4.5754,0.053394,0.083356,1.31829,2.0,65.915,71.01,75,0,125,0.0
B0005,150,2008-05-23T12:13:16,24.0,2838.26,4.1845,3.6023,2.6646,4.1845,3.4675,1.5199,-1.6864,-2.0162,0.0021,23.59,33.98,23.59,40.66,33.04,17.07,0.006013,4.5918,0.058545,0.088369,1.32387,2.0,66.194,71.311,75,0,125,0.0
B0005,151,2008-05-23T20:14:29,24.0,2864.55,4.2012,3.5779,2.64,4.2012,3.4768,1.5612,-1.7158,-2.0217,0.0029,24.24,34.97,24.24,41.05,33.49,16.81,0.005868,4.7383,0.057849,0.080788,1.36012,2.0,68.006,73.263,75,0,125,0.0
B0005,152,2008-05-24T01:09:21,24.0,2846.39,4.1957,3.594,2.6742,4.1957,3.4759,1.5215,-1.7007,-2.0176,0.0024,24.17,34.69,24.17,41.05,33.49,16.88,0.00593,4.6612,0.061424,0.084964,1.33953,2.0,66.977,72.154,75,0,125,0.0
B0005,153,2008-05-24T06:00:20,24.0,2837.97,4.1957,3.6043,2.6964,4.1957,3.4758,1.4993,-1.6928,-2.0171,0.004,23.99,34.36,23.99,40.87,33.33,16.88,0.005948,4.6213,0.059523,0.087208,1.32903,2.0,66.451,71.588,75,0,125,0.0
B0005,154,2008-05-24T10:42:50,24.0,2838.16,4.1964,3.6088,2.6928,4.1964,3.4747,1.5035,-1.6861,-2.0166,0.0036,23.88,34.18,23.88,40.85,33.27,16.98,0.005981,4.5997,0.059262,0.087779,1.32367,2.0,66.184,71.3,75,0,125,0.0
B0005,155,2008-05-24T15:31:10,24.0,2829.84,4.1958,3.6094,2.6817,4.1958,3.4723,1.514,-1.685,-2.0158,0.0029,23.8,34.15,23.8,40.85,33.23,17.05,0.006026,4.5787,0.059524,0.08843,1.31863,2.0,65.932,71.028,75,0,125,0.0
B0005,156,2008-05-24T20:21:13,24.0,2829.62,4.1958,3.6149,2.6968,4.1958,3.4729,1.499,-1.6785,-2.0163,0.0013,23.75,33.99,23.75,40.83,33.21,17.07,0.006034,4.5601,0.059677,0.085844,1.31348,2.0,65.674,70.751,75,0,125,0.0
B0005,157,2008-05-25T01:06:49,24.0,2819.44,4.1963,3.609,2.6647,4.1963,3.4696,1.5317,-1.6839,-2.0168,0.0043,23.77,34.17,23.77,40.9,33.24,17.13,0.006077,4.5558,0.05976,0.086625,1.3132,2.0,65.66,70.736,75,0,125,0.0
B0005,158,2008-05-25T05:57:17,24.0,2819.58,4.1956,3.6143,2.6792,4.1956,3.47,1.5164,-1.6774,-2.0166,0.002,23.7,33.98,23.7,40.84,33.19,17.14,0.006081,4.5362,0.059503,0.086369,1.3078,2.0,65.39,70.445,75,0,125,0.0
B0005,159,2008-05-25T10:51:37,24.0,2810.67,4.1953,3.6178,2.7,4.1953,3.4708,1.4954,-1.6764,-2.0181,0.0019,23.68,33.98,23.68,40.82,33.17,17.14,0.006097,4.5195,0.059556,0.088218,1.30303,2.0,65.152,70.188,75,0,125,0.0
B0005,160,2008-05-25T15:37:08,24.0,2811.49,4.1954,3.6131,2.6663,4.1954,3.4681,1.5291,-1.6763,-2.0181,0.0024,23.75,34.08,23.75,40.95,33.25,17.19,0.006115,4.5181,0.059491,0.08873,1.30336,2.0,65.168,70.206,75,0,125,0.0
B0005,161,2008-05-25T20:23:04,24.0,2802.42,4.1957,3.607,2.6309,4.1957,3.4649,1.5648,-1.6818,-2.0177,0.0043,23.79,34.3,23.79,41.07,33.32,17.28,0.006167,4.5154,0.060521,0.087536,1.30341,2.0,65.171,70.208,75,0,125,0.0
B0005,162,2008-05-26T01:13:02,24.0,2801.62,4.1956,3.6149,2.6733,4.1956,3.4679,1.5222,-1.6751,-2.016,0.0021,23.84,34.13,23.83,41.02,33.34,17.19,0.006135,4.4982,0.059827,0.088538,1.29789,2.0,64.894,69.911,75,0,125,0.0
B0005,163,2008-05-26T06:01:08,24.0,2802.03,4.1961,3.6109,2.6328,4.1961,3.464,1.5633,-1.6754,-2.0171,0.0015,23.75,34.14,23.74,41.06,33.29,17.31,0.006178,4.495,0.057944,0.088905,1.29807,2.0,64.904,69.921,75,0,125,0.0
B0005,164,2008-05-26T10:44:38,24.0,2793.39,4.1966,3.6156,2.6687,4.1966,3.4665,1.5279,-1.6745,-2.0182,0.0017,23.74,34.08,23.74,40.98,33.28,17.24,0.006173,4.4805,0.061759,0.084721,1.29346,2.0,64.673,69.673,75,0,125,0.0
B0005,165,2008-05-26T15:30:43,24.0,2793.39,4.1956,3.6212,2.6964,4.1956,3.4685,1.4992,-1.6674,-2.0189,0.0027,23.8,33.99,23.8,40.98,33.32,17.18,0.00615,4.4624,0.058989,0.085736,1.288,2.0,64.4,69.379,75,0,125,0.0
B0005,166,2008-05-26T20:21:04,24.0,2792.49,4.1959,3.6192,2.6795,4.1959,3.4668,1.5164,-1.6675,-2.0238,0.0027,23.85,34.06,23.85,41.06,33.37,17.21,0.006165,4.4587,0.05763,0.087424,1.28745,2.0,64.373,69.349,75,0,125,0.0
B0005,167,2008-05-27T15:52:41,24.0,2802.02,4.1848,3.5954,2.6787,4.1848,3.4711,1.5061,-1.6889,-2.0173,0.0013,24.93,34.56,24.92,41.05,33.71,16.11,0.00575,4.547,0.057824,0.089757,1.30902,2.0,65.451,70.51,75,0,125,0.0
B0005,168,2008-05-27T20:45:42,24.0,2820.39,4.202,3.5899,2.6554,4.202,3.4755,1.5466,-1.6979,-2.0177,0.0033,25.09,34.41,25.09,41.05,33.87,15.96,0.005658,4.6109,0.057824,0.089757,1.32508,2.0,66.254,71.376,75,0,125,0.0
B0006,1,2008-04-02T15:25:41,24.0,3690.23,4.1798,2.4758,2.4758,4.1798,3.5569,1.704,-1.9905,-2.0155,0.0004,24.28,39.16,24.28,39.16,32.14,14.89,0.004034,7.2595,,,2.03534,2.0,101.767,100.0,63,62,109,108.0
B0006,2,2008-04-02T19:43:48,24.0,3672.34,4.1773,2.3515,2.3515,4.1773,3.5615,1.8258,-1.9903,-2.0149,-0.0002,24.65,39.25,24.64,39.25,32.29,14.6,0.003975,7.2335,,,2.02514,2.0,101.257,99.499,63,61,109,107.0
B0006,3,2008-04-03T00:01:06,24.0,3651.64,4.1778,2.4405,2.4405,4.1781,3.5668,1.7373,-1.9899,-2.0144,-0.0007,24.7,39.0,24.7,39.0,32.24,14.3,0.003915,7.2024,,,2.01333,2.0,100.666,98.919,63,60,109,106.0
B0006,4,2008-04-03T04:16:37,24.0,3631.56,4.1784,2.4792,2.4792,4.1786,3.5688,1.6992,-1.9896,-2.0142,0.0002,24.65,38.84,24.65,38.84,32.15,14.19,0.003908,7.1659,,,2.01328,2.0,100.664,98.916,63,59,109,105.0
B0006,5,2008-04-03T08:33:25,24.0,3629.17,4.178,2.2802,2.2802,4.1782,3.564,1.8978,-1.9895,-2.014,-0.0011,24.63,38.98,24.63,38.98,32.07,14.34,0.003952,7.1518,,,2.00053,2.0,100.026,98.29,63,58,109,104.0
B0006,6,2008-04-03T12:55:10,24.0,3652.28,4.1932,2.4393,2.4393,4.1932,3.5736,1.7539,-1.9901,-2.0152,-0.0015,24.34,38.84,24.34,38.84,32.03,14.5,0.003969,7.2176,,,2.0139,2.0,100.695,98.947,63,57,109,103.0
B0006,7,2008-04-03T17:17:16,24.0,3650.83,4.1937,2.2812,2.2812,4.1937,3.5711,1.9125,-1.9901,-2.0145,-0.0031,24.43,39.05,24.43,39.05,32.11,14.62,0.004003,7.2103,,,2.0131,2.0,100.655,98.907,63,56,109,102.0
B0006,8,2008-04-03T21:28:14,24.0,3572.45,4.1768,2.3664,2.3664,4.1768,3.5682,1.8104,-1.9891,-2.0147,-0.0008,24.65,38.88,24.65,38.88,32.11,14.22,0.003982,7.0475,,,1.96879,2.0,98.439,96.73,63,55,109,101.0
B0006,9,2008-04-04T01:38:15,24.0,3550.59,4.1762,2.436,2.436,4.1764,3.5693,1.7401,-1.9892,-2.0151,-0.001,24.56,38.73,24.56,38.73,32.04,14.16,0.003988,7.0069,,,1.96817,2.0,98.408,96.7,63,54,109,100.0
B0006,10,2008-04-04T05:48:08,24.0,3551.25,4.1769,2.1864,2.1864,4.1769,3.5634,1.9905,-1.9892,-2.0155,0.0001,24.53,38.99,24.52,38.99,32.0,14.46,0.004072,6.997,,,1.95723,2.0,97.862,96.162,63,53,109,99.0
B0006,11,2008-04-04T09:57:19,24.0,3530.25,4.1776,2.3406,2.3406,4.1776,3.5667,1.837,-1.9891,-2.0141,-0.0021,24.41,38.66,24.41,38.66,31.87,14.25,0.004036,6.962,,,1.9456,2.0,97.28,95.591,63,52,109,98.0
B0006,12,2008-04-04T17:56:27,24.0,3491.02,4.1779,2.4263,2.4263,4.178,3.5687,1.7516,-1.9888,-2.0135,-0.001,24.67,38.85,24.67,38.85,32.12,14.18,0.004063,6.8871,,,1.93475,2.0,96.738,95.058,63,51,109,97.0
B0006,13,2008-04-04T22:01:54,24.0,3470.28,4.1761,2.4754,2.4754,4.1763,3.5692,1.7008,-1.9887,-2.0149,-0.0003,24.83,38.75,24.82,38.75,32.11,13.92,0.004011,6.8474,,,1.92328,2.0,96.164,94.494,63,50,109,96.0
B0006,14,2008-04-05T02:20:26,24.0,3470.0,4.1778,2.3424,2.3424,4.178,3.5659,1.8354,-1.9887,-2.0144,-0.0004,24.63,38.77,24.63,38.77,31.99,14.14,0.004074,6.8407,,,1.91189,2.0,95.594,93.935,63,49,109,95.0
B0006,15,2008-04-05T06:25:01,24.0,3450.3,4.1771,2.1884,2.1884,4.1774,3.5612,1.9887,-1.9888,-2.0145,-0.0011,24.46,38.85,24.45,38.85,31.88,14.38,0.004169,6.7938,,,1.90107,2.0,95.053,93.403,63,48,109,94.0
B0006,16,2008-04-05T10:30:32,24.0,3429.41,4.1755,2.1207,2.1207,4.1756,3.5579,2.0548,-1.9886,-2.0147,-0.0038,24.27,38.87,24.27,38.87,31.77,14.6,0.004256,6.7457,,,1.8892,2.0,94.46,92.82,63,47,109,93.0
B0006,17,2008-04-05T14:34:41,24.0,3409.48,4.1774,2.37,2.37,4.1776,3.5628,1.8074,-1.9885,-2.0159,0.001,24.35,38.65,24.35,38.65,31.79,14.29,0.004192,6.7154,,,1.87828,2.0,93.914,92.283,63,46,109,92.0
B0006,18,2008-04-05T18:39:25,24.0,3390.42,4.1764,2.248,2.248,4.1764,3.5592,1.9284,-1.9883,-2.0143,0.0003,24.38,38.79,24.38,38.79,31.83,14.41,0.00425,6.671,,,1.86757,2.0,93.378,91.757,63,45,109,91.0
B0006,19,2008-04-05T22:46:35,24.0,3390.28,4.1771,2.8844,2.4115,4.1775,3.5581,1.7656,-1.9775,-2.0159,-0.0023,24.47,38.77,24.46,38.77,31.89,14.3,0.004219,6.6492,,,1.86759,2.0,93.379,91.758,63,44,109,90.0
B0006,20,2008-04-18T21:10:19,24.0,3591.73,4.1746,2.2034,2.2034,4.1746,3.5659,1.9712,-1.9892,-2.0202,0.001,24.51,37.54,24.51,37.54,31.51,13.03,0.003628,7.0816,0.061234,0.078542,1.97963,2.0,98.981,97.263,63,43,109,89.0
B0006,21,2008-04-19T02:29:09,24.0,3552.3,4.1752,2.3589,2.3589,4.1752,3.5708,1.8163,-1.989,-2.0141,-0.0003,24.91,37.9,24.91,37.9,31.87,12.99,0.003658,7.0129,0.06063,0.078024,1.95755,2.0,97.877,96.178,63,42,109,88.0
B0006,22,2008-04-19T07:47:15,24.0,3531.58,4.1772,2.2187,2.2187,4.1772,3.5667,1.9585,-1.9887,-2.014,-0.0012,24.57,37.67,24.57,37.67,31.54,13.1,0.003709,6.9635,0.06086,0.078402,1.94582,2.0,97.291,95.602,63,41,109,87.0
B0006,23,2008-04-19T13:01:42,24.0,3492.91,4.1765,2.3397,2.3397,4.1767,3.5668,1.8368,-1.9885,-2.0149,0.0005,24.23,37.34,24.22,37.34,31.22,13.12,0.003755,6.8868,0.060065,0.078071,1.92425,2.0,96.212,94.542,63,40,109,86.0
B0006,24,2008-04-19T18:27:29,24.0,3511.59,4.19,2.3998,2.3998,4.1904,3.5711,1.7903,-1.9886,-2.0136,-0.0024,24.04,37.29,24.03,37.29,31.12,13.25,0.003773,6.9313,0.059131,0.077956,1.94598,2.0,97.299,95.61,63,39,109,85.0
B0006,25,2008-04-19T23:41:55,24.0,3431.94,4.177,2.4914,2.4914,4.177,3.5666,1.6856,-1.9881,-2.0143,-0.0016,24.02,37.17,24.02,37.17,31.03,13.15,0.003832,6.7646,0.060597,0.079382,1.90141,2.0,95.07,93.42,63,38,109,84.0
B0006,26,2008-04-20T04:54:41,24.0,3431.12,4.1735,2.7669,2.1387,4.1735,3.5527,2.0347,-1.9773,-2.0138,-0.0013,23.9,37.52,23.9,37.52,31.0,13.61,0.003967,6.7184,0.060436,0.079494,1.87867,2.0,93.934,92.303,63,37,109,83.0
B0006,27,2008-04-20T10:16:28,24.0,3412.41,4.1761,2.8356,2.3461,4.1765,3.5561,1.83,-1.9772,-2.0221,-0.0003,23.82,37.24,23.82,37.24,30.92,13.42,0.003934,6.688,0.059882,0.078712,1.86831,2.0,93.415,91.793,63,36,109,82.0
B0006,28,2008-04-20T15:37:05,24.0,3410.69,4.1763,2.9284,2.3273,4.1763,3.5505,1.8489,-1.966,-2.0195,0.0002,23.76,37.1,23.76,37.27,30.93,13.51,0.003961,6.6401,0.060587,0.079895,1.85602,2.0,92.801,91.19,63,35,109,81.0
B0006,29,2008-04-20T20:50:38,24.0,3410.72,4.1729,3.0771,2.4863,4.1729,3.546,1.6865,-1.9446,-2.0146,0.0012,23.78,36.54,23.77,37.21,31.01,13.43,0.003937,6.5637,0.060908,0.079749,1.8452,2.0,92.26,90.658,63,34,109,80.0
B0006,30,2008-04-21T02:15:02,24.0,3392.72,4.1882,2.8196,2.2922,4.1882,3.5543,1.896,-1.9769,-2.0145,0.0018,23.77,37.5,23.76,37.5,30.97,13.73,0.004047,6.645,0.060369,0.080145,1.85723,2.0,92.861,91.249,63,33,109,79.0
B0006,31,2008-04-22T15:33:49,24.0,3470.67,4.1898,2.4343,2.4343,4.19,3.5559,1.7555,-1.9998,-2.0151,-0.0028,23.75,37.25,23.74,37.25,31.1,13.5,0.003891,6.8587,0.062091,0.081643,1.92478,2.0,96.239,94.568,63,32,109,78.0
B0006,32,2008-04-22T20:26:18,24.0,3414.11,4.1869,2.9188,2.4726,4.187,3.5537,1.7143,-1.9884,-2.0247,0.0002,24.2,37.28,24.19,37.4,31.31,13.2,0.003867,6.7173,0.06232,0.080212,1.88223,2.0,94.112,92.478,63,31,109,77.0
B0006,33,2008-04-23T01:18:11,24.0,3395.22,4.1864,2.974,2.4034,4.1865,3.5453,1.783,-1.9771,-2.0145,-0.0014,23.97,37.05,23.96,37.29,31.13,13.31,0.003921,6.631,0.061891,0.081208,1.85528,2.0,92.764,91.153,63,30,109,76.0
B0006,34,2008-04-23T06:18:19,24.0,3386.0,4.1877,3.0334,2.4007,4.1877,3.5384,1.787,-1.9657,-2.0141,0.0012,23.52,36.49,23.52,37.08,30.83,13.56,0.004005,6.5666,0.061716,0.081502,1.83925,2.0,91.963,90.366,63,29,109,75.0
B0006,35,2008-04-23T11:08:00,24.0,3368.19,4.1839,3.0617,2.3194,4.1842,3.5298,1.8645,-1.9542,-2.0132,0.0012,23.53,36.17,23.53,36.98,30.76,13.45,0.003993,6.4829,0.061999,0.081388,1.81854,2.0,90.927,89.348,63,28,109,74.0
B0006,36,2008-04-23T16:06:25,24.0,3368.27,4.1867,3.0864,2.3402,4.1868,3.5301,1.8465,-1.9491,-2.0143,0.0007,23.95,36.69,23.95,37.6,31.3,13.65,0.004053,6.468,0.062504,0.081691,1.81348,2.0,90.674,89.1,63,27,109,73.0
B0006,37,2008-04-23T21:02:58,24.0,3358.72,4.1864,3.1378,2.383,4.1865,3.5249,1.8034,-1.9374,-2.0149,0.001,23.72,36.31,23.72,37.34,31.06,13.61,0.004053,6.4038,0.062014,0.081316,1.7971,2.0,89.855,88.295,63,26,109,72.0
B0006,38,2008-04-24T01:51:33,24.0,3339.5,4.1845,3.1501,2.3519,4.1847,3.5191,1.8327,-1.9313,-2.014,0.0009,23.51,36.06,23.51,37.39,30.97,13.89,0.004158,6.3387,0.06183,0.081204,1.781,2.0,89.05,87.504,63,25,109,71.0
B0006,39,2008-04-24T06:50:00,24.0,3331.26,4.186,3.1739,2.3535,4.1861,3.5152,1.8325,-1.9254,-2.0136,0.0004,23.26,36.02,23.24,37.35,30.83,14.09,0.00423,6.2976,0.062827,0.083472,1.77101,2.0,88.551,87.013,63,24,109,70.0
B0006,40,2008-04-24T11:49:24,24.0,3321.19,4.186,3.1972,2.3948,4.1864,3.514,1.7912,-1.9198,-2.0146,0.0009,23.41,35.91,23.41,37.59,31.08,14.17,0.004268,6.2587,0.063498,0.083855,1.76047,2.0,88.024,86.495,63,23,109,69.0
B0006,41,2008-04-24T16:45:56,24.0,3321.84,4.1857,3.2276,2.4419,4.1857,3.5141,1.7438,-1.9087,-2.0156,0.0015,23.99,36.36,23.99,38.21,31.69,14.21,0.004279,6.2252,0.060945,0.082016,1.75029,2.0,87.515,85.995,63,22,109,68.0
B0006,42,2008-04-24T21:38:11,24.0,3311.83,4.185,3.2309,2.3918,4.185,3.5096,1.7931,-1.9028,-2.0141,-0.001,24.23,36.5,24.22,38.34,31.88,14.11,0.004262,6.1814,0.063918,0.082166,1.73949,2.0,86.975,85.465,63,21,109,67.0
B0006,43,2008-04-25T12:03:44,24.0,3327.39,4.1755,3.1996,2.3166,4.1756,3.5111,1.8589,-1.9093,-2.0139,0.0006,23.93,36.99,23.93,38.52,31.54,14.59,0.004385,6.229,0.062237,0.082275,1.75468,2.0,87.734,86.211,63,20,109,66.0
B0006,44,2008-04-25T20:03:55,24.0,3312.08,4.1916,3.1898,2.4111,4.1917,3.5159,1.7805,-1.9306,-2.0165,0.0006,23.8,36.81,23.8,38.04,31.42,14.24,0.004298,6.2772,0.062237,0.082275,1.76594,2.0,88.297,86.764,63,19,109,65.0
B0006,45,2008-04-26T01:04:35,24.0,3293.17,4.1854,3.25,2.451,4.1855,3.5059,1.7344,-1.9071,-2.0144,0.0007,23.33,35.95,23.33,37.93,31.16,14.61,0.004436,6.1502,0.062031,0.083192,1.73379,2.0,86.689,85.184,63,18,109,64.0
B0006,46,2008-04-26T05:57:35,24.0,3275.33,4.1839,3.2762,2.4712,4.1842,3.501,1.7127,-1.8954,-2.0137,0.0006,23.23,35.81,23.23,37.88,31.16,14.66,0.004475,6.0712,0.062506,0.084268,1.71333,2.0,85.666,84.179,63,17,109,63.0
B0006,47,2008-04-26T10:58:25,24.0,3265.02,4.1855,3.2892,2.471,4.1858,3.4974,1.7145,-1.8893,-2.0152,0.0013,23.21,35.73,23.2,38.07,31.21,14.86,0.00455,6.0272,0.062615,0.083972,1.70241,2.0,85.12,83.643,63,16,109,62.0
B0006,48,2008-04-29T12:15:56,24.0,3328.94,4.1729,2.935,2.4288,4.1729,3.5389,1.7441,-1.9819,-2.0148,0.0009,26.6,39.57,26.6,39.79,33.61,13.19,0.003961,6.5041,0.062615,0.083972,1.82372,2.0,91.186,89.603,63,15,109,61.0
B0006,49,2008-04-29T17:05:27,24.0,3329.27,4.1869,3.0134,2.3551,4.187,3.5327,1.8317,-1.9653,-2.0141,0.0014,25.61,38.78,25.59,39.21,32.86,13.6,0.004085,6.4468,0.064572,0.080342,1.80813,2.0,90.406,88.837,63,14,109,60.0
B0006,50,2008-04-29T22:00:04,24.0,3301.58,4.1865,3.0982,2.3659,4.1865,3.5212,1.8206,-1.9471,-2.0135,0.0013,24.79,37.86,24.79,38.67,32.21,13.88,0.004204,6.3179,0.063686,0.082364,1.77576,2.0,88.788,87.247,63,13,109,59.0
B0006,51,2008-04-30T02:43:55,24.0,3283.56,4.1822,3.1673,2.3482,4.1823,3.5093,1.834,-1.9242,-2.0144,0.0012,24.3,37.12,24.3,38.52,31.97,14.22,0.00433,6.1943,0.062912,0.082141,1.74474,2.0,87.237,85.722,63,12,109,58.0
B0006,52,2008-04-30T07:41:42,24.0,3275.12,4.1857,3.2287,2.4695,4.186,3.5072,1.7163,-1.9124,-2.014,0.0023,23.99,36.58,23.98,38.29,31.74,14.3,0.004367,6.1356,0.063667,0.08297,1.72921,2.0,86.46,84.959,63,11,109,57.0
B0006,53,2008-04-30T12:28:49,24.0,3265.66,4.1836,3.2596,2.4667,4.1837,3.5009,1.7169,-1.895,-2.0144,0.0008,24.0,36.44,24.0,38.52,31.88,14.53,0.004448,6.0542,0.064546,0.083906,1.70811,2.0,85.405,83.923,63,10,109,56.0
B0006,54,2008-04-30T17:20:16,24.0,3266.09,4.1843,3.2774,2.4483,4.1844,3.4973,1.736,-1.8837,-2.0147,0.0,24.3,36.53,24.3,38.95,32.24,14.66,0.004488,6.0133,0.064417,0.083321,1.6976,2.0,84.88,83.406,63,9,109,55.0
B0006,55,2008-04-30T22:14:54,24.0,3257.59,4.1847,3.3095,2.4745,4.1847,3.4929,1.7102,-1.8717,-2.0151,0.0029,24.11,36.06,24.11,38.73,32.07,14.63,0.00449,5.9512,0.065174,0.084782,1.68206,2.0,84.103,82.643,63,8,109,54.0
B0006,56,2008-05-01T03:15:33,24.0,3248.59,4.1858,3.3229,2.4691,4.1858,3.4887,1.7167,-1.8655,-2.0164,0.0008,23.98,35.94,23.98,38.75,32.03,14.77,0.004547,5.9069,0.063595,0.084185,1.67148,2.0,83.574,82.123,63,7,109,53.0
B0006,57,2008-05-01T08:16:03,24.0,3238.77,4.1854,3.3269,2.4177,4.1857,3.4823,1.7677,-1.8593,-2.014,0.0013,23.82,35.89,23.82,38.84,31.98,15.02,0.004637,5.86,0.065285,0.08605,1.66076,2.0,83.038,81.596,63,6,109,52.0
B0006,58,2008-05-01T13:14:24,24.0,3240.14,4.1845,3.3364,2.3775,4.1849,3.4776,1.8069,-1.8482,-2.0143,0.0,23.94,35.96,23.94,39.22,32.24,15.28,0.004715,5.8207,0.066534,0.086748,1.65112,2.0,82.556,81.123,63,5,109,51.0
B0006,59,2008-05-01T18:11:10,24.0,3230.11,4.1845,3.3562,2.4437,4.1846,3.4787,1.7408,-1.8416,-2.0171,0.0008,24.46,36.04,24.44,39.47,32.56,15.01,0.004647,5.7824,0.066341,0.087206,1.64013,2.0,82.007,80.583,63,4,109,50.0
B0006,60,2008-05-01T23:10:15,24.0,3229.78,4.1845,3.3715,2.4324,4.1846,3.474,1.752,-1.8298,-2.0153,0.0023,24.25,35.71,24.24,39.35,32.49,15.1,0.004675,5.7366,0.06591,0.087128,1.6292,2.0,81.46,80.046,63,3,109,49.0
B0006,61,2008-05-02T03:53:34,24.0,3212.47,4.1811,3.396,2.4941,4.1812,3.4718,1.687,-1.8171,-2.0264,0.0026,24.11,35.37,24.11,39.32,32.43,15.2,0.004733,5.6601,0.066056,0.087563,1.60885,2.0,80.442,79.046,63,2,109,48.0
B0006,62,2008-05-02T08:44:40,24.0,3213.22,4.1824,3.3939,2.3823,4.1826,3.4632,1.8001,-1.8112,-2.0143,0.0017,23.93,35.19,23.93,39.47,32.3,15.54,0.004837,5.6291,0.065903,0.088209,1.60352,2.0,80.176,78.784,63,1,109,47.0
B0006,63,2008-05-02T13:43:05,24.0,3203.58,4.1838,3.3978,2.4067,4.184,3.4635,1.7772,-1.8113,-2.0249,0.0007,24.06,35.68,24.06,39.74,32.61,15.68,0.004894,5.6132,0.067912,0.088315,1.59897,2.0,79.949,78.56,63,0,109,46.0
B0006,64,2008-05-02T19:07:48,24.0,3195.12,4.1824,3.4164,2.4204,4.1824,3.4602,1.762,-1.8038,-2.0134,0.0004,24.44,34.72,24.42,39.04,32.26,14.6,0.004569,5.5659,0.066744,0.08858,1.58763,2.0,79.381,78.003,63,0,109,45.0
B0006,65,2008-05-02T23:24:17,24.0,3195.31,4.191,3.4175,2.4508,4.191,3.4626,1.7402,-1.7982,-2.0149,0.001,24.3,35.03,24.3,39.16,32.47,14.86,0.00465,5.5541,0.066744,0.08858,1.58297,2.0,79.149,77.774,63,0,109,44.0
B0006,66,2008-05-03T04:13:08,24.0,3186.3,4.1816,3.4275,2.393,4.1819,3.4537,1.7886,-1.7858,-2.0141,0.0008,24.12,34.77,24.12,39.2,32.4,15.08,0.004734,5.4848,0.066413,0.089503,1.56714,2.0,78.357,76.996,63,0,109,43.0
B0006,67,2008-05-03T09:10:19,24.0,3176.44,4.1834,3.4348,2.3939,4.1834,3.4514,1.7895,-1.7851,-2.0165,0.0006,23.96,34.7,23.95,39.16,32.31,15.2,0.004786,5.4593,0.066869,0.08981,1.56134,2.0,78.067,76.712,63,0,109,42.0
B0006,68,2008-05-03T14:04:34,24.0,3167.59,4.1824,3.4482,2.4373,4.1829,3.4508,1.7451,-1.7786,-2.0144,-0.0001,23.96,34.6,23.95,39.18,32.35,15.22,0.004805,5.421,0.067564,0.090933,1.55117,2.0,77.559,76.212,63,0,109,41.0
B0006,69,2008-05-03T18:58:13,24.0,3167.72,4.1826,3.4471,2.3705,4.1826,3.4461,1.8121,-1.7728,-2.0162,0.0015,24.03,34.66,24.03,39.38,32.47,15.35,0.004846,5.3966,0.067679,0.090975,1.54067,2.0,77.034,75.696,63,0,109,40.0
B0006,70,2008-05-03T23:42:30,24.0,3159.08,4.1774,3.4551,2.3513,4.1776,3.4418,1.8261,-1.7602,-2.0224,0.0045,24.05,34.5,24.05,39.45,32.52,15.39,0.004872,5.3363,0.067973,0.092324,1.52531,2.0,76.266,74.942,63,0,109,39.0
B0006,71,2008-05-04T04:41:40,24.0,3148.83,4.183,3.468,2.4368,4.1832,3.445,1.7461,-1.7653,-2.0157,0.001,24.0,34.59,24.0,39.41,32.52,15.4,0.004892,5.3358,0.068334,0.092017,1.53016,2.0,76.508,75.18,63,0,109,38.0
B0006,72,2008-05-04T09:40:11,24.0,3149.09,4.1833,3.4711,2.3903,4.1836,3.4412,1.793,-1.7593,-2.0154,0.0029,23.99,34.48,23.99,39.48,32.54,15.5,0.004921,5.3109,0.068851,0.092582,1.52466,2.0,76.233,74.909,63,0,109,37.0
B0006,73,2008-05-04T14:38:13,24.0,3140.55,4.1832,3.4883,2.4892,4.1832,3.4436,1.694,-1.7526,-2.0142,0.0051,23.97,34.32,23.97,39.44,32.56,15.47,0.004925,5.2756,0.069066,0.093491,1.51455,2.0,75.727,74.413,63,0,109,36.0
B0006,74,2008-05-04T19:37:07,24.0,3131.62,4.1834,3.4882,2.4506,4.1835,3.4399,1.7327,-1.7517,-2.0151,0.002,23.97,34.37,23.96,39.54,32.59,15.57,0.004971,5.252,0.068709,0.093877,1.50939,2.0,75.47,74.159,63,0,109,35.0
B0006,75,2008-05-05T00:35:53,24.0,3121.91,4.1829,3.4877,2.4112,4.1832,3.436,1.7717,-1.751,-2.015,0.001,23.9,34.37,23.9,39.59,32.57,15.69,0.005026,5.2276,0.069526,0.094186,1.504,2.0,75.2,73.894,63,0,109,34.0
B0006,76,2008-05-05T05:28:13,24.0,3122.12,4.1819,3.5019,2.4609,4.182,3.4363,1.721,-1.7389,-2.0159,0.0016,23.85,34.07,23.85,39.5,32.54,15.65,0.005013,5.1886,0.068252,0.09344,1.49352,2.0,74.676,73.379,63,0,109,33.0
B0006,77,2008-05-05T11:41:31,24.0,3121.67,4.1822,3.5065,2.3784,4.1824,3.4305,1.8037,-1.7386,-2.017,0.0012,23.87,34.01,23.87,39.97,32.66,16.09,0.005156,5.1768,0.069603,0.095613,1.48763,2.0,74.382,73.09,63,0,109,32.0
B0006,78,2008-05-05T20:40:08,24.0,3120.86,4.19,3.4613,2.3845,4.19,3.4417,1.8055,-1.7871,-2.0152,0.0005,24.45,35.63,24.45,40.43,33.18,15.97,0.005118,5.3477,0.069603,0.095613,1.53029,2.0,76.514,75.186,63,0,109,31.0
B0006,79,2008-05-06T01:38:46,24.0,3103.83,4.1812,3.496,2.4486,4.1812,3.4355,1.7326,-1.7613,-2.0133,0.0014,23.81,34.63,23.81,40.02,32.71,16.21,0.005223,5.2236,0.069444,0.095087,1.50408,2.0,75.204,73.898,63,0,109,30.0
B0006,80,2008-05-06T06:37:06,24.0,3095.09,4.1817,3.4959,2.3629,4.1822,3.4272,1.8188,-1.7546,-2.0143,0.0017,23.39,34.48,23.38,40.02,32.54,16.63,0.005372,5.1762,0.069241,0.095411,1.48876,2.0,74.438,73.146,63,0,109,29.0
B0006,81,2008-05-06T11:25:21,24.0,3095.78,4.1801,3.5168,2.4797,4.1802,3.4308,1.7004,-1.7364,-2.0152,0.0068,23.49,34.2,23.48,40.08,32.67,16.58,0.005357,5.1226,0.07018,0.095801,1.47828,2.0,73.914,72.631,63,0,109,28.0
B0006,82,2008-05-06T16:23:36,24.0,3094.33,4.1824,3.5141,2.461,4.1828,3.4309,1.7214,-1.7372,-2.0164,0.0002,23.95,34.73,23.95,40.57,33.16,16.62,0.00537,5.1249,0.070321,0.095302,1.47846,2.0,73.923,72.64,63,0,109,27.0
B0006,83,2008-05-06T21:21:49,24.0,3086.53,4.183,3.5179,2.4795,4.183,3.432,1.7035,-1.7358,-2.0142,0.001,24.31,34.85,24.31,40.75,33.41,16.45,0.005328,5.1077,0.069308,0.094548,1.47321,2.0,73.661,72.382,63,0,109,26.0
B0006,84,2008-05-07T02:17:25,24.0,3085.62,4.1826,3.5191,2.4215,4.1826,3.4269,1.7611,-1.7297,-2.0145,0.002,24.17,34.71,24.17,40.71,33.35,16.55,0.005362,5.0802,0.07066,0.09558,1.46752,2.0,73.376,72.102,63,0,109,25.0
B0006,85,2008-05-07T07:04:02,24.0,3067.2,4.1803,3.5215,2.3928,4.1804,3.422,1.7875,-1.7279,-2.0151,0.0025,23.98,34.41,23.98,40.59,33.14,16.61,0.005414,5.0352,0.070488,0.096375,1.45163,2.0,72.581,71.321,63,0,109,24.0
B0006,86,2008-05-07T12:01:49,24.0,3058.16,4.1823,3.5312,2.4105,4.1825,3.4203,1.7718,-1.7269,-2.0151,0.0011,23.64,34.23,23.64,40.37,32.92,16.73,0.00547,5.0128,0.071253,0.096933,1.45192,2.0,72.596,71.336,63,0,109,23.0
B0006,87,2008-05-07T16:59:29,24.0,3058.81,4.1825,3.5407,2.4915,4.1826,3.4248,1.691,-1.7212,-2.0158,0.0004,23.83,34.45,23.83,40.67,33.2,16.84,0.005505,5.0008,0.072909,0.096859,1.44715,2.0,72.357,71.101,63,0,109,22.0
B0006,88,2008-05-07T21:56:09,24.0,3058.58,4.1826,3.5357,2.4449,4.1826,3.4235,1.7377,-1.7211,-2.0166,0.0012,24.21,34.8,24.21,40.99,33.53,16.78,0.005486,4.9997,0.07251,0.096602,1.44685,2.0,72.343,71.087,63,0,109,21.0
B0006,89,2008-05-08T02:53:49,24.0,3049.33,4.1829,3.5426,2.4841,4.183,3.4247,1.6989,-1.7201,-2.0181,0.0004,24.27,34.82,24.27,41.0,33.58,16.72,0.005485,4.9813,0.070888,0.097407,1.44167,2.0,72.084,70.832,63,0,109,20.0
B0006,90,2008-05-09T12:25:07,24.0,3177.22,4.2224,3.5029,2.479,4.2225,3.4507,1.7433,-1.821,-2.0143,0.0003,24.06,36.55,24.06,40.77,33.22,16.71,0.005261,5.553,0.071415,0.096149,1.59359,2.0,79.679,78.296,63,0,109,19.0
B0006,91,2008-05-09T20:28:09,24.0,3082.94,4.1908,3.4591,2.4821,4.1909,3.448,1.7087,-1.8214,-2.0163,0.0002,24.68,36.57,24.68,40.52,33.37,15.85,0.00514,5.391,0.070752,0.090482,1.54639,2.0,77.32,75.977,63,0,109,18.0
B0006,92,2008-05-10T01:21:56,24.0,3074.27,4.1828,3.4886,2.4524,4.183,3.4399,1.7304,-1.7899,-2.0146,0.002,24.71,35.96,24.71,40.58,33.43,15.86,0.00516,5.2669,0.070304,0.093053,1.51471,2.0,75.735,74.42,63,0,109,17.0
B0006,93,2008-05-10T06:18:12,24.0,3066.0,4.1839,3.5007,2.4198,4.1839,3.4341,1.764,-1.7769,-2.0144,0.0005,24.47,35.57,24.45,40.52,33.29,16.05,0.005235,5.2022,0.071567,0.09367,1.49898,2.0,74.949,73.648,63,0,109,16.0
B0006,94,2008-05-10T11:16:04,24.0,3056.44,4.1838,3.5191,2.4707,4.184,3.4326,1.7132,-1.764,-2.0153,0.0007,24.22,35.13,24.22,40.34,33.14,16.12,0.005274,5.1416,0.072351,0.094403,1.48311,2.0,74.156,72.868,63,0,109,15.0
B0006,95,2008-05-10T16:11:56,24.0,3048.22,4.1833,3.5213,2.4138,4.1836,3.4271,1.7695,-1.7572,-2.0158,0.0021,24.11,35.05,24.11,40.39,33.11,16.28,0.005341,5.0983,0.070338,0.095071,1.47297,2.0,73.648,72.37,63,0,109,14.0
B0006,96,2008-05-10T21:07:54,24.0,3039.22,4.1832,3.5316,2.4562,4.1834,3.4273,1.7269,-1.7503,-2.0154,0.0017,24.15,34.99,24.15,40.46,33.19,16.31,0.005367,5.0612,0.071483,0.095468,1.46276,2.0,73.138,71.868,63,0,109,13.0
B0006,97,2008-05-11T02:05:21,24.0,3039.05,4.1835,3.5329,2.4018,4.1836,3.4235,1.7817,-1.744,-2.0177,0.0015,24.19,34.94,24.19,40.58,33.26,16.39,0.005393,5.0358,0.071779,0.096789,1.45184,2.0,72.592,71.331,63,0,109,12.0
B0006,98,2008-05-11T06:55:27,24.0,3030.38,4.1817,3.539,2.4088,4.1817,3.4221,1.7729,-1.7369,-2.0199,0.0017,24.24,34.85,24.24,40.62,33.3,16.38,0.005405,4.9972,0.072177,0.097315,1.44687,2.0,72.343,71.087,63,0,109,11.0
B0006,99,2008-05-11T11:52:47,24.0,3021.0,4.1832,3.5455,2.4308,4.1832,3.4219,1.7524,-1.736,-2.0198,0.002,24.19,34.86,24.19,40.63,33.32,16.44,0.005442,4.9759,0.072758,0.097424,1.44138,2.0,72.069,70.818,63,0,109,10.0
B0006,100,2008-05-11T16:49:58,24.0,3021.75,4.1828,3.5485,2.3989,4.183,3.4196,1.784,-1.7297,-2.0153,0.0022,24.23,34.84,24.23,40.74,33.39,16.52,0.005466,4.955,0.071612,0.096183,1.43121,2.0,71.561,70.318,63,0,109,9.0
B0006,101,2008-05-11T21:47:12,24.0,3012.26,4.1826,3.5499,2.3814,4.1831,3.4175,1.8012,-1.7288,-2.0139,0.0006,24.22,34.88,24.22,40.82,33.42,16.6,0.005509,4.9338,0.072363,0.098006,1.42602,2.0,71.301,70.063,63,0,109,8.0
B0006,102,2008-05-12T02:36:58,24.0,3002.64,4.1815,3.5622,2.4599,4.1815,3.4198,1.7217,-1.7217,-2.0151,0.0019,24.22,34.67,24.21,40.73,33.4,16.51,0.005499,4.8966,0.072172,0.097544,1.42049,2.0,71.024,69.791,63,0,109,7.0
B0006,103,2008-05-12T12:56:34,24.0,3012.0,4.172,3.5588,2.4007,4.172,3.4171,1.7713,-1.7228,-2.0152,0.0023,24.27,35.26,24.27,41.45,33.74,17.19,0.005706,4.9122,0.073275,0.098168,1.4207,2.0,71.035,69.802,63,0,109,6.0
B0006,104,2008-05-12T18:59:59,24.0,3020.11,4.1884,3.5414,2.4728,4.1884,3.4305,1.7156,-1.7487,-2.0181,0.0082,25.01,35.87,25.01,41.4,34.09,16.39,0.005426,5.0273,0.072553,0.094,1.45226,2.0,72.613,71.352,63,0,109,5.0
B0006,105,2008-05-12T23:53:17,24.0,3002.17,4.1813,3.5573,2.4673,4.1815,3.4251,1.714,-1.7345,-2.0152,0.0002,24.82,35.56,24.82,41.37,34.0,16.55,0.005512,4.9445,0.073742,0.09682,1.43156,2.0,71.578,70.335,63,0,109,4.0
B0006,106,2008-05-13T04:35:25,24.0,2992.7,4.1795,3.556,2.3692,4.1795,3.4171,1.8103,-1.7272,-2.0139,0.0014,24.66,35.38,24.66,41.38,33.91,16.72,0.005586,4.8944,0.073512,0.097848,1.41502,2.0,70.751,69.522,63,0,109,3.0
B0006,107,2008-05-13T09:24:04,24.0,2964.47,4.1809,3.5655,2.4483,4.181,3.4175,1.7326,-1.7305,-2.0262,0.0052,24.43,35.26,24.42,41.14,33.71,16.71,0.005637,4.8558,0.073631,0.098721,1.40973,2.0,70.487,69.263,63,0,109,2.0
B0006,108,2008-05-13T14:20:24,24.0,2983.38,4.1827,3.5778,2.4599,4.1827,3.4182,1.7228,-1.7141,-2.0155,0.0018,24.34,34.98,24.34,41.22,33.75,16.87,0.005656,4.8369,0.074837,0.098556,1.40492,2.0,70.246,69.026,63,0,109,1.0
B0006,109,2008-05-13T19:04:20,24.0,2975.3,4.1797,3.5824,2.4979,4.1799,3.4203,1.6818,-1.7068,-2.0144,0.0005,24.69,35.1,24.69,41.4,34.02,16.71,0.005616,4.8053,0.074229,0.097946,1.39516,2.0,69.758,68.547,63,0,109,0.0
B0006,110,2008-05-13T23:59:26,24.0,2974.99,4.1822,3.5837,2.4722,4.1823,3.4193,1.71,-1.7064,-2.0154,0.0004,24.83,35.23,24.83,41.59,34.18,16.75,0.005631,4.8015,0.073593,0.097943,1.39453,2.0,69.727,68.516,63,0,109,0.0
B0006,111,2008-05-14T04:55:57,24.0,2966.25,4.1825,3.5856,2.4279,4.183,3.4144,1.7546,-1.7053,-2.0249,0.0027,24.57,35.03,24.57,41.44,33.98,16.86,0.005685,4.7756,0.07429,0.097828,1.38932,2.0,69.466,68.26,63,0,109,0.0
B0006,112,2008-05-14T09:52:22,24.0,2956.36,4.1824,3.589,2.4276,4.1825,3.4127,1.7548,-1.7046,-2.027,0.0014,24.37,34.96,24.36,41.37,33.84,17.0,0.005751,4.7535,0.074362,0.100297,1.38384,2.0,69.192,67.991,63,0,109,0.0
B0006,113,2008-05-14T14:35:22,24.0,2956.34,4.1795,3.5865,2.3734,4.1795,3.4104,1.8062,-1.6986,-2.0148,0.0037,24.63,35.13,24.62,41.66,34.1,17.04,0.005762,4.7338,0.073088,0.100286,1.37368,2.0,68.684,67.492,63,0,109,0.0
B0006,114,2008-05-14T19:31:39,24.0,2956.41,4.1824,3.5924,2.4249,4.1825,3.4144,1.7575,-1.6982,-2.0151,0.0014,24.91,35.31,24.91,41.82,34.35,16.91,0.00572,4.7373,0.073906,0.100348,1.37861,2.0,68.93,67.734,63,0,109,0.0
B0006,115,2008-05-15T00:27:55,24.0,2947.27,4.1827,3.5963,2.427,4.1828,3.4132,1.7557,-1.6971,-2.0152,0.0009,24.79,35.17,24.78,41.69,34.22,16.9,0.005734,4.7174,0.074065,0.099037,1.37376,2.0,68.688,67.495,63,0,109,0.0
B0006,116,2008-05-15T05:24:04,24.0,2937.98,4.1824,3.6002,2.4173,4.1824,3.4107,1.7651,-1.6959,-2.0162,0.0023,24.55,34.99,24.55,41.57,34.04,17.01,0.00579,4.6932,0.074341,0.100679,1.36826,2.0,68.413,67.225,63,0,109,0.0
B0006,117,2008-05-15T10:20:03,24.0,2929.12,4.1824,3.6043,2.4185,4.1825,3.4089,1.7639,-1.6953,-2.015,0.0029,24.33,34.87,24.32,41.46,33.89,17.14,0.005851,4.6727,0.074984,0.100381,1.3633,2.0,68.165,66.982,63,0,109,0.0
B0006,118,2008-05-15T15:10:59,24.0,2928.45,4.1811,3.6102,2.4809,4.1813,3.4134,1.7002,-1.689,-2.0148,0.0018,24.58,34.99,24.58,41.61,34.12,17.04,0.005818,4.6593,0.073634,0.100343,1.3581,2.0,67.905,66.726,63,0,109,0.0
B0006,119,2008-05-15T19:56:47,24.0,2929.38,4.1801,3.6044,2.4078,4.1805,3.4112,1.7723,-1.6892,-2.015,0.001,24.99,35.37,24.98,42.01,34.49,17.01,0.005808,4.6601,0.074957,0.098675,1.35327,2.0,67.663,66.489,63,0,109,0.0
B0006,120,2008-05-16T16:54:59,24.0,2946.03,4.1636,3.5929,2.4332,4.1636,3.4155,1.7303,-1.7102,-2.0149,0.0022,25.17,35.36,25.14,41.62,34.24,16.45,0.005584,4.757,0.075133,0.099885,1.38416,2.0,69.208,68.006,63,0,109,0.0
B0006,121,2008-05-16T21:37:39,24.0,2955.44,4.19,3.5863,2.4408,4.19,3.423,1.7492,-1.7302,-2.0219,0.0009,25.17,35.89,25.17,41.8,34.41,16.63,0.005628,4.8432,0.075133,0.099885,1.40515,2.0,70.257,69.038,63,0,109,0.0
B0006,122,2008-05-17T02:32:13,24.0,2937.62,4.1823,3.5994,2.3961,4.1824,3.4148,1.7863,-1.7152,-2.014,0.0023,24.82,35.41,24.82,41.65,34.16,16.83,0.00573,4.7548,0.075928,0.10033,1.37872,2.0,68.936,67.739,63,0,109,0.0
B0006,123,2008-05-17T07:25:19,24.0,2929.08,4.182,3.6133,2.4493,4.1821,3.4144,1.7327,-1.7013,-2.0142,0.0018,24.46,34.87,24.45,41.36,33.88,16.9,0.00577,4.6954,0.075509,0.101161,1.36827,2.0,68.413,67.225,63,0,109,0.0
B0006,124,2008-05-17T12:21:15,24.0,2918.38,4.1827,3.6129,2.3842,4.1827,3.4092,1.7985,-1.7004,-2.0142,0.0024,24.32,34.9,24.32,41.43,33.84,17.11,0.005863,4.6687,0.07461,0.101459,1.35732,2.0,67.866,66.687,63,0,109,0.0
B0006,125,2008-05-17T17:15:37,24.0,2919.81,4.1823,3.6231,2.4441,4.1823,3.4119,1.7382,-1.6874,-2.014,0.0011,24.3,34.62,24.3,41.34,33.82,17.04,0.005837,4.6344,0.07488,0.100603,1.35249,2.0,67.625,66.451,63,0,109,0.0
B0006,126,2008-05-17T22:10:51,24.0,2900.42,4.1824,3.6225,2.4296,4.1824,3.4094,1.7528,-1.6919,-2.0148,0.0017,24.26,34.75,24.26,41.38,33.81,17.12,0.005901,4.6135,0.075281,0.102545,1.34741,2.0,67.37,66.201,63,0,109,0.0
B0006,127,2008-05-18T03:05:19,24.0,2901.38,4.1821,3.6263,2.4102,4.1821,3.4082,1.7718,-1.6853,-2.0142,0.002,24.23,34.61,24.23,41.38,33.8,17.14,0.005909,4.5924,0.074996,0.101387,1.33701,2.0,66.85,65.69,63,0,109,0.0
B0006,128,2008-05-18T08:00:50,24.0,2901.19,4.1823,3.6309,2.4099,4.1823,3.4074,1.7724,-1.6787,-2.0146,0.008,24.08,34.38,24.08,41.31,33.7,17.22,0.005936,4.5695,0.076359,0.101432,1.33124,2.0,66.562,65.406,63,0,109,0.0
B0006,129,2008-05-18T12:44:48,24.0,2891.64,4.1796,3.6367,2.4539,4.1797,3.4086,1.7257,-1.6712,-2.0134,0.001,24.03,34.22,24.03,41.2,33.64,17.17,0.005938,4.5326,0.074777,0.102809,1.32593,2.0,66.297,65.145,63,0,109,0.0
B0006,130,2008-05-18T17:36:29,24.0,2882.91,4.1814,3.6336,2.394,4.1814,3.4048,1.7874,-1.6769,-2.014,0.0013,24.04,34.4,24.04,41.33,33.69,17.29,0.005999,4.5318,0.076011,0.102075,1.32158,2.0,66.079,64.932,63,0,109,0.0
B0006,131,2008-05-18T22:31:45,24.0,2883.26,4.1819,3.6409,2.4513,4.1821,3.4081,1.7305,-1.6701,-2.0139,0.0019,24.07,34.27,24.07,41.3,33.71,17.23,0.005977,4.5142,0.076323,0.102432,1.32123,2.0,66.061,64.914,63,0,109,0.0
B0006,132,2008-05-19T03:27:07,24.0,2882.97,4.1821,3.6463,2.475,4.1821,3.4092,1.707,-1.6635,-2.0137,0.0048,24.0,34.1,24.0,41.24,33.65,17.24,0.00598,4.4941,0.074995,0.102596,1.31565,2.0,65.782,64.64,63,0,109,0.0
B0006,133,2008-05-19T15:34:33,24.0,2891.66,4.1688,3.6432,2.4569,4.1688,3.4111,1.7119,-1.6646,-2.0145,0.0017,24.67,34.35,24.66,41.36,33.98,16.7,0.005775,4.5162,0.076559,0.103018,1.3209,2.0,66.045,64.898,63,0,109,0.0
B0006,134,2008-05-19T20:59:48,24.0,2901.25,4.1901,3.6301,2.4382,4.1901,3.4167,1.7519,-1.6918,-2.0138,0.0011,24.81,34.64,24.81,40.89,33.82,16.09,0.005545,4.6221,0.076559,0.103018,1.34743,2.0,67.372,66.202,63,0,109,0.0
B0006,135,2008-05-20T01:16:42,24.0,2891.7,4.187,3.6444,2.4946,4.1872,3.417,1.6923,-1.6712,-2.0133,0.0016,24.57,34.13,24.57,40.65,33.61,16.08,0.005562,4.5423,0.076559,0.103018,1.32601,2.0,66.301,65.15,63,0,109,0.0
B0006,136,2008-05-20T06:12:06,24.0,2883.02,4.1821,3.6477,2.4367,4.1823,3.4106,1.7454,-1.6633,-2.0139,0.0018,24.32,33.89,24.31,40.58,33.47,16.27,0.005643,4.4949,0.076278,0.102093,1.31012,2.0,65.506,64.369,63,0,109,0.0
B0006,137,2008-05-20T11:07:23,24.0,2873.45,4.1822,3.6548,2.4859,4.1823,3.4113,1.6964,-1.6559,-2.0142,0.0011,24.0,33.56,24.0,40.32,33.21,16.32,0.005679,4.4578,0.076281,0.10123,1.30522,2.0,65.261,64.128,63,0,109,0.0
B0006,138,2008-05-20T15:57:27,24.0,2874.03,4.1811,3.6498,2.3958,4.1814,3.4081,1.7854,-1.6561,-2.0141,0.0011,24.36,33.98,24.36,40.78,33.58,16.42,0.005713,4.4574,0.075591,0.1017,1.30041,2.0,65.02,63.891,63,0,109,0.0
B0006,139,2008-05-20T20:50:39,24.0,2874.23,4.1819,3.6548,2.4505,4.1821,3.4126,1.7314,-1.6493,-2.0148,0.0035,24.62,33.99,24.62,40.86,33.76,16.24,0.005649,4.4427,0.074369,0.101951,1.30024,2.0,65.012,63.883,63,0,109,0.0
B0006,140,2008-05-21T01:39:38,24.0,2864.98,4.1811,3.6552,2.3942,4.1812,3.4077,1.7869,-1.6481,-2.0149,0.0007,24.36,33.8,24.36,40.75,33.57,16.39,0.005719,4.4169,0.075549,0.103391,1.28951,2.0,64.475,63.356,63,0,109,0.0
B0006,141,2008-05-21T06:24:27,24.0,2855.09,4.1798,3.6609,2.4304,4.1802,3.4073,1.7495,-1.6403,-2.0139,0.0021,24.06,33.4,24.06,40.47,33.27,16.41,0.005749,4.3781,0.075438,0.101902,1.27925,2.0,63.963,62.852,63,0,109,0.0
B0006,142,2008-05-21T11:18:06,24.0,2855.62,4.1816,3.6666,2.4756,4.1816,3.4093,1.7061,-1.6339,-2.0148,0.0012,23.84,33.17,23.84,40.28,33.13,16.44,0.005758,4.3593,0.075283,0.102128,1.27921,2.0,63.96,62.85,63,0,109,0.0
B0006,143,2008-05-21T16:10:21,24.0,2855.59,4.1815,3.6648,2.4467,4.1819,3.4095,1.7348,-1.634,-2.0145,0.002,24.12,33.53,24.12,40.64,33.44,16.52,0.005786,4.3608,0.075043,0.102348,1.27404,2.0,63.702,62.596,63,0,109,0.0
B0006,144,2008-05-21T21:02:09,24.0,2847.44,4.1816,3.6671,2.4607,4.1817,3.4103,1.7209,-1.6325,-2.0149,0.004,24.25,33.48,24.25,40.64,33.48,16.39,0.005757,4.3433,0.074931,0.103165,1.27413,2.0,63.706,62.6,63,0,109,0.0
B0006,145,2008-05-22T01:42:59,24.0,2847.36,4.1787,3.6711,2.462,4.1787,3.4093,1.7167,-1.6193,-2.015,0.0014,23.97,33.05,23.97,40.39,33.22,16.41,0.005765,4.3028,0.075559,0.101716,1.26376,2.0,63.188,62.091,63,0,109,0.0
B0006,146,2008-05-22T06:32:40,24.0,2837.33,4.1811,3.6755,2.4999,4.1811,3.4094,1.6812,-1.6178,-2.0151,0.0037,23.68,32.8,23.68,40.15,32.99,16.47,0.005806,4.2814,0.075291,0.103991,1.25814,2.0,62.907,61.815,63,0,109,0.0
B0006,147,2008-05-22T11:23:22,24.0,2837.28,4.1812,3.6729,2.4062,4.1812,3.4039,1.7751,-1.6181,-2.0157,0.0014,23.53,32.88,23.52,40.26,32.97,16.73,0.005896,4.2766,0.076959,0.102781,1.25326,2.0,62.663,61.575,63,0,109,0.0
B0006,148,2008-05-22T16:17:58,24.0,2838.51,4.1821,3.6729,2.4092,4.1821,3.4066,1.7729,-1.6181,-2.0142,0.0088,23.9,33.21,23.9,40.65,33.31,16.75,0.005902,4.2803,0.075825,0.104106,1.25323,2.0,62.662,61.574,63,0,109,0.0
B0006,149,2008-05-22T20:59:50,24.0,2828.33,4.1795,3.6764,2.4705,4.1795,3.4096,1.7089,-1.6104,-2.0163,0.0019,23.93,33.01,23.93,40.41,33.23,16.48,0.005828,4.2466,0.075912,0.104944,1.24809,2.0,62.404,61.321,63,0,109,0.0
B0006,150,2008-05-23T12:13:16,24.0,2838.26,4.1642,3.6787,2.4997,4.1642,3.4094,1.6646,-1.6116,-2.015,0.0007,23.56,32.83,23.56,40.5,33.12,16.93,0.005966,4.2624,0.076293,0.106471,1.25344,2.0,62.672,61.584,63,0,109,0.0
B0006,151,2008-05-23T20:14:29,24.0,2864.55,4.1892,3.666,2.484,4.1892,3.4195,1.7053,-1.642,-2.0181,0.0011,24.18,33.96,24.18,41.36,33.78,17.17,0.005996,4.411,0.074449,0.097635,1.2898,2.0,64.49,63.371,63,0,109,0.0
B0006,152,2008-05-24T01:09:21,24.0,2846.39,4.1807,3.6735,2.4675,4.1808,3.4152,1.7131,-1.6195,-2.0143,0.0006,24.14,33.67,24.14,41.38,33.81,17.24,0.006057,4.3093,0.075288,0.101313,1.26354,2.0,63.177,62.08,63,0,109,0.0
B0006,153,2008-05-24T06:00:20,24.0,2837.97,4.181,3.6793,2.4946,4.1812,3.4155,1.6864,-1.6049,-2.0138,0.0058,23.96,33.29,23.96,41.21,33.64,17.25,0.006077,4.252,0.075251,0.102631,1.24798,2.0,62.399,61.315,63,0,109,0.0
B0006,154,2008-05-24T10:42:50,24.0,2838.16,4.1796,3.681,2.4577,4.1798,3.413,1.7219,-1.5916,-2.0149,0.0023,23.85,33.07,23.85,41.21,33.58,17.35,0.006114,4.2094,0.075796,0.103376,1.23212,2.0,61.606,60.536,63,0,109,0.0
B0006,155,2008-05-24T15:31:10,24.0,2829.84,4.1807,3.6816,2.4099,4.1808,3.4095,1.7708,-1.5901,-2.0149,0.001,23.75,33.06,23.75,41.28,33.56,17.53,0.006194,4.1867,0.076343,0.104594,1.22711,2.0,61.356,60.29,63,0,109,0.0
B0006,156,2008-05-24T20:21:13,24.0,2829.62,4.1814,3.6871,2.4794,4.1814,3.4138,1.7019,-1.5768,-2.0148,0.0009,23.72,32.81,23.72,41.16,33.51,17.44,0.006163,4.1525,0.075486,0.104157,1.22174,2.0,61.087,60.026,63,0,109,0.0
B0006,157,2008-05-25T01:06:49,24.0,2819.44,4.1804,3.6866,2.4346,4.1806,3.4109,1.7458,-1.5753,-2.0155,0.0012,23.76,32.86,23.76,41.23,33.54,17.47,0.006196,4.1299,0.075678,0.104989,1.2111,2.0,60.555,59.504,63,0,109,0.0
B0006,158,2008-05-25T05:57:17,24.0,2819.58,4.1813,3.6887,2.4257,4.1814,3.4106,1.7556,-1.5685,-2.0148,0.0017,23.66,32.72,23.66,41.21,33.5,17.55,0.006225,4.109,0.076397,0.106256,1.20562,2.0,60.281,59.234,63,0,109,0.0
B0006,159,2008-05-25T10:51:37,24.0,2810.67,4.1819,3.6894,2.4179,4.1819,3.4097,1.764,-1.5671,-2.0146,0.0027,23.66,32.77,23.65,41.27,33.52,17.61,0.006266,4.0907,0.075541,0.103252,1.20089,2.0,60.045,59.002,63,0,109,0.0
B0006,160,2008-05-25T15:37:08,24.0,2811.49,4.1794,3.6916,2.4542,4.1796,3.4129,1.7253,-1.5538,-2.0148,0.0021,23.72,32.6,23.72,41.24,33.53,17.51,0.006229,4.0566,0.077586,0.104731,1.19059,2.0,59.53,58.496,63,0,109,0.0
B0006,161,2008-05-25T20:23:04,24.0,2802.42,4.1804,3.6925,2.4636,4.1806,3.4135,1.7168,-1.5522,-2.014,0.0031,23.76,32.62,23.75,41.24,33.57,17.48,0.006237,4.0383,0.079141,0.104106,1.18518,2.0,59.259,58.23,63,0,109,0.0
B0006,162,2008-05-26T01:13:02,24.0,2801.62,4.1814,3.6939,2.4704,4.1814,3.4144,1.711,-1.5453,-2.014,0.002,23.81,32.55,23.81,41.28,33.6,17.48,0.006238,4.0185,0.077035,0.104303,1.17967,2.0,58.984,57.959,63,0,109,0.0
B0006,163,2008-05-26T06:01:08,24.0,2802.03,4.1808,3.6946,2.4358,4.1808,3.4124,1.7451,-1.5387,-2.0165,0.0039,23.71,32.43,23.71,41.28,33.54,17.57,0.00627,3.997,0.075587,0.10545,1.1746,2.0,58.73,57.71,63,0,109,0.0
B0006,164,2008-05-26T10:44:38,24.0,2793.39,4.1697,3.6963,2.4812,4.1697,3.4148,1.6885,-1.517,-2.0193,0.0022,23.71,32.11,23.71,41.15,33.47,17.44,0.006244,3.9243,0.0768,0.105058,1.15382,2.0,57.691,56.689,63,0,109,0.0
B0006,165,2008-05-26T15:30:43,24.0,2793.39,4.1803,3.6972,2.4915,4.1803,3.4166,1.6887,-1.5239,-2.0146,0.002,23.79,32.3,23.79,41.26,33.58,17.47,0.006254,3.946,0.077734,0.105526,1.1644,2.0,58.22,57.209,63,0,109,0.0
B0006,166,2008-05-26T20:21:04,24.0,2792.49,4.1812,3.6967,2.409,4.1812,3.4121,1.7721,-1.5238,-2.0162,0.0004,23.8,32.42,23.8,41.46,33.66,17.66,0.006322,3.9393,0.076498,0.106684,1.1588,2.0,57.94,56.934,63,0,109,0.0
B0006,167,2008-05-27T15:52:41,24.0,2802.02,4.1575,3.6931,2.4758,4.1576,3.4197,1.6818,-1.5391,-2.0137,-0.0004,24.7,32.37,24.7,41.12,33.73,16.42,0.005859,4.0086,0.076934,0.105898,1.17497,2.0,58.749,57.729,63,0,109,0.0
B0006,168,2008-05-27T20:45:42,24.0,2820.39,4.1885,3.6918,2.416,4.1885,3.4235,1.7725,-1.5427,-2.0149,0.0032,24.91,32.19,24.91,41.36,33.89,16.45,0.005834,4.053,0.076934,0.105898,1.18568,2.0,59.284,58.254,63,0,109,0.0
B0007,1,2008-04-02T15:25:41,24.0,3690.23,4.1994,3.0621,2.146,4.1995,3.522,2.0534,-1.8691,-1.9969,0.0009,23.94,37.34,23.92,40.59,32.62,16.65,0.004513,6.7894,,,1.89105,2.0,94.553,100.0,86,85,,
B0007,2,2008-04-02T19:43:48,24.0,3672.34,4.1983,3.0792,2.111,4.1985,3.5319,2.0872,-1.868,-1.9944,0.0036,24.27,37.16,24.26,40.26,32.74,15.99,0.004355,6.7718,,,1.88064,2.0,94.032,99.449,86,84,,
B0007,3,2008-04-03T00:01:06,24.0,3651.64,4.1983,3.0633,2.0251,4.1983,3.5344,2.1732,-1.8778,-1.9947,-0.001,24.33,37.51,24.32,40.28,32.69,15.95,0.004367,6.773,,,1.88066,2.0,94.033,99.451,86,83,,
B0007,4,2008-04-03T04:16:37,24.0,3631.56,4.1979,3.0394,1.9225,4.1983,3.5349,2.2754,-1.8875,-1.9953,-0.0007,24.23,37.86,24.22,40.29,32.55,16.06,0.004424,6.7707,,,1.88077,2.0,94.039,99.456,86,82,,
B0007,5,2008-04-03T08:33:25,24.0,3629.17,4.1985,3.0432,1.8712,4.1985,3.5345,2.3273,-1.8872,-1.9936,0.0006,24.14,37.84,24.14,40.27,32.47,16.13,0.004445,6.7647,,,1.87945,2.0,93.973,99.387,86,81,,
B0007,6,2008-04-03T12:55:10,24.0,3652.28,4.1979,3.1234,2.1757,4.198,3.5412,2.0222,-1.8675,-1.9941,-0.0004,24.15,36.68,24.14,39.68,32.49,15.53,0.004252,6.7479,,,1.8807,2.0,94.035,99.453,86,80,,
B0007,7,2008-04-03T17:17:16,24.0,3650.83,4.1979,3.1186,2.1118,4.198,3.5412,2.0861,-1.8673,-1.9932,0.0005,24.26,36.85,24.26,39.8,32.56,15.55,0.004259,6.7459,,,1.87994,2.0,93.997,99.412,86,79,,
B0007,8,2008-04-03T21:28:14,24.0,3572.45,4.1992,3.0484,2.0263,4.1994,3.5495,2.173,-1.9063,-1.9937,-0.0003,24.3,38.24,24.3,39.89,32.45,15.59,0.004363,6.7502,,,1.88151,2.0,94.075,99.495,86,78,,
B0007,9,2008-04-04T01:38:15,24.0,3550.59,4.1983,3.0162,1.9506,4.1992,3.5503,2.2477,-1.9164,-1.9938,0.0006,24.26,38.66,24.26,39.95,32.37,15.69,0.00442,6.7439,,,1.86969,2.0,93.485,98.87,86,77,,
B0007,10,2008-04-04T05:48:08,24.0,3551.25,4.1988,3.0055,1.8688,4.199,3.5481,2.33,-1.9165,-1.9938,0.0035,24.19,38.74,24.19,40.05,32.31,15.86,0.004467,6.7417,,,1.87005,2.0,93.503,98.89,86,76,,
B0007,11,2008-04-04T09:57:19,24.0,3530.25,4.1987,2.9665,1.7896,4.1988,3.5484,2.4091,-1.9268,-1.9943,-0.0001,24.06,39.18,24.06,40.12,32.18,16.06,0.004549,6.7368,,,1.87004,2.0,93.502,98.889,86,75,,
B0007,12,2008-04-04T17:56:27,24.0,3491.02,4.1989,2.9583,1.9103,4.1989,3.556,2.2886,-1.937,-1.9938,-0.0018,24.33,39.59,24.33,40.17,32.38,15.84,0.004537,6.708,,,1.85965,2.0,92.983,98.34,86,74,,
B0007,13,2008-04-04T22:01:54,24.0,3470.28,4.1991,2.897,1.9087,4.1991,3.5605,2.2904,-1.9471,-1.9942,0.0022,24.35,39.75,24.35,40.02,32.29,15.66,0.004514,6.7086,,,1.85907,2.0,92.954,98.309,86,73,,
B0007,14,2008-04-05T02:20:26,24.0,3470.0,4.198,2.876,1.7869,4.1981,3.5563,2.4111,-1.947,-1.994,-0.0005,24.13,39.88,24.13,40.17,32.15,16.03,0.00462,6.7,,,1.85901,2.0,92.95,98.306,86,72,,
B0007,15,2008-04-05T06:25:01,24.0,3450.3,4.1993,2.949,2.1361,4.1993,3.5648,2.0631,-1.9469,-1.9944,-0.0011,24.07,39.18,24.07,39.46,32.01,15.39,0.00446,6.6773,,,1.85936,2.0,92.968,98.324,86,71,,
B0007,16,2008-04-05T10:30:32,24.0,3429.41,4.1988,2.8176,2.0134,4.1991,3.5654,2.1855,-1.9574,-1.9936,0.0006,23.94,39.56,23.94,39.56,31.88,15.63,0.004556,6.6701,,,1.85874,2.0,92.937,98.291,86,70,,
B0007,17,2008-04-05T14:34:41,24.0,3409.48,4.1988,1.8576,1.8576,4.199,3.566,2.3412,-1.968,-1.9937,-0.002,23.93,39.63,23.93,39.63,31.85,15.7,0.004604,6.6534,,,1.84782,2.0,92.391,97.714,86,69,,
B0007,18,2008-04-05T18:39:25,24.0,3390.42,4.1985,2.1658,2.1658,4.1985,3.5725,2.0328,-1.968,-1.9946,0.0004,23.99,39.23,23.98,39.23,31.86,15.24,0.004495,6.6278,,,1.84853,2.0,92.426,97.751,86,68,,
B0007,19,2008-04-05T22:46:35,24.0,3390.28,4.1981,2.0271,2.0271,4.1982,3.5699,2.1711,-1.968,-1.9945,-0.0024,23.99,39.41,23.98,39.41,31.87,15.42,0.00455,6.6229,,,1.84838,2.0,92.419,97.743,86,67,,
B0007,20,2008-04-18T21:10:19,24.0,3591.73,4.1961,2.9905,1.9053,4.1963,3.5464,2.2907,-1.9067,-1.9992,-0.0008,24.36,38.27,24.36,39.96,32.35,15.6,0.004343,6.7842,0.038168,0.061581,1.88078,2.0,94.039,99.457,86,66,,
B0007,21,2008-04-19T02:29:09,24.0,3552.3,4.1967,2.9244,1.7952,4.197,3.5532,2.4015,-1.9267,-1.994,0.0008,24.65,39.35,24.65,40.31,32.6,15.66,0.004408,6.7885,0.039713,0.061807,1.88147,2.0,94.074,99.493,86,65,,
B0007,22,2008-04-19T07:47:15,24.0,3531.58,4.197,2.9857,2.1059,4.1971,3.5599,2.0911,-1.9261,-1.9939,0.0013,24.31,38.4,24.31,39.36,32.2,15.05,0.00426,6.759,0.038401,0.061001,1.8811,2.0,94.055,99.473,86,64,,
B0007,23,2008-04-19T13:01:42,24.0,3492.91,4.1967,2.8624,1.846,4.1969,3.5596,2.3506,-1.9468,-1.9927,0.0006,23.95,39.2,23.95,39.45,31.81,15.51,0.00444,6.7497,0.037105,0.060076,1.87101,2.0,93.55,98.94,86,63,,
B0007,24,2008-04-19T18:27:29,24.0,3511.59,4.1966,2.9139,1.737,4.1966,3.5524,2.4596,-1.9364,-1.9935,-0.0003,23.8,39.01,23.8,39.64,31.74,15.85,0.004513,6.7395,0.037834,0.061294,1.8702,2.0,93.51,98.897,86,62,,
B0007,25,2008-04-19T23:41:55,24.0,3431.94,4.1971,2.0506,2.0506,4.1971,3.5708,2.1465,-1.9676,-1.993,-0.0004,23.74,38.87,23.72,38.87,31.52,15.13,0.004409,6.7039,0.03752,0.060073,1.87067,2.0,93.534,98.922,86,61,,
B0007,26,2008-04-20T04:54:41,24.0,3431.12,4.1965,1.8254,1.8254,4.1965,3.5657,2.371,-1.968,-1.9948,-0.0015,23.65,39.12,23.64,39.12,31.44,15.47,0.004508,6.6946,0.037397,0.061233,1.85961,2.0,92.981,98.337,86,60,,
B0007,27,2008-04-20T10:16:28,24.0,3412.41,4.1968,2.1349,2.1349,4.1968,3.5713,2.0619,-1.9676,-1.9956,0.0005,23.53,38.68,23.52,38.68,31.32,15.15,0.004441,6.6666,0.03592,0.060571,1.86003,2.0,93.002,98.36,86,59,,
B0007,28,2008-04-20T15:37:05,24.0,3410.69,4.1967,1.9705,1.9705,4.1967,3.568,2.2262,-1.9676,-1.9937,-0.0001,23.49,38.86,23.47,38.86,31.29,15.38,0.004508,6.6577,0.037386,0.061317,1.85917,2.0,92.958,98.314,86,58,,
B0007,29,2008-04-20T20:50:38,24.0,3410.72,4.1971,1.8133,1.8133,4.1971,3.5646,2.3838,-1.9678,-1.9945,-0.0021,23.5,39.15,23.49,39.15,31.33,15.64,0.004586,6.6524,0.037891,0.060329,1.84814,2.0,92.407,97.731,86,57,,
B0007,30,2008-04-21T02:15:02,24.0,3392.72,4.1961,2.0484,2.0484,4.1961,3.569,2.1477,-1.9675,-1.9941,-0.0025,23.52,38.84,23.51,38.84,31.32,15.32,0.004515,6.6241,0.037157,0.061035,1.8492,2.0,92.46,97.787,86,56,,
B0007,31,2008-04-22T15:33:49,24.0,3470.67,4.2064,2.8829,2.1816,4.2065,3.5646,2.0248,-1.9683,-1.9941,-0.002,23.54,38.78,23.53,38.96,31.61,15.42,0.004443,6.7801,0.041192,0.068484,1.88347,2.0,94.173,99.599,86,55,,
B0007,32,2008-04-22T20:26:18,24.0,3414.11,4.2032,2.1178,2.1178,4.2032,3.5694,2.0854,-1.9788,-2.0033,0.0016,23.95,39.05,23.95,39.05,31.78,15.1,0.004423,6.7027,0.041759,0.064456,1.86282,2.0,93.141,98.507,86,54,,
B0007,33,2008-04-23T01:18:11,24.0,3395.22,4.2029,2.1637,2.1637,4.203,3.5687,2.0391,-1.9786,-1.9938,-0.0017,23.74,38.7,23.73,38.7,31.52,14.96,0.004407,6.6633,0.042327,0.064142,1.85209,2.0,92.604,97.939,86,53,,
B0007,34,2008-04-23T06:18:19,24.0,3386.0,4.2028,2.0457,2.0457,4.2028,3.5642,2.1571,-1.9784,-1.9942,-0.0025,23.31,38.61,23.31,38.61,31.14,15.3,0.004517,6.6365,0.039673,0.063338,1.84695,2.0,92.348,97.668,86,52,,
B0007,35,2008-04-23T11:08:00,24.0,3368.19,4.2025,2.1356,2.1356,4.2027,3.5653,2.0669,-1.9782,-1.9933,0.0002,23.31,38.43,23.31,38.43,31.07,15.12,0.004489,6.6025,0.040465,0.063972,1.83683,2.0,91.841,97.133,86,51,,
B0007,36,2008-04-23T16:06:25,24.0,3368.27,4.2024,2.043,2.043,4.2024,3.5654,2.1595,-1.9784,-1.9933,0.0017,23.74,39.05,23.74,39.05,31.62,15.31,0.004545,6.6037,0.040831,0.062922,1.83716,2.0,91.858,97.15,86,50,,
B0007,37,2008-04-23T21:02:58,24.0,3358.72,4.2027,1.9786,1.9786,4.2028,3.5622,2.2241,-1.9781,-1.9945,0.0006,23.49,38.84,23.49,38.84,31.33,15.35,0.00457,6.5782,0.040787,0.063389,1.83167,2.0,91.584,96.86,86,49,,
B0007,38,2008-04-24T01:51:33,24.0,3339.5,4.203,2.1585,2.1585,4.2031,3.5645,2.0446,-1.9781,-1.9938,0.0003,23.26,38.5,23.26,38.5,31.13,15.24,0.004564,6.5446,0.039817,0.064467,1.82115,2.0,91.057,96.303,86,48,,
B0007,39,2008-04-24T06:50:00,24.0,3331.26,4.2027,2.0926,2.0926,4.2028,3.5616,2.1101,-1.978,-1.9922,0.0,23.03,38.58,23.02,38.58,30.97,15.55,0.004669,6.5228,0.038791,0.06281,1.81651,2.0,90.825,96.058,86,47,,
B0007,40,2008-04-24T11:49:24,24.0,3321.19,4.2026,2.1529,2.1529,4.2027,3.5631,2.0497,-1.9784,-1.9945,0.0006,23.2,38.79,23.19,38.79,31.2,15.59,0.004695,6.5071,0.041358,0.064093,1.81138,2.0,90.569,95.787,86,46,,
B0007,41,2008-04-24T16:45:56,24.0,3321.84,4.203,2.0537,2.0537,4.2032,3.563,2.1493,-1.9783,-1.9932,0.0005,23.76,39.31,23.75,39.31,31.72,15.55,0.004682,6.5077,0.041988,0.062907,1.81161,2.0,90.58,95.799,86,45,,
B0007,42,2008-04-24T21:38:11,24.0,3311.83,4.2026,2.0793,2.0793,4.2029,3.5634,2.1233,-1.9782,-1.9946,0.0015,23.99,39.41,23.98,39.41,31.9,15.41,0.004654,6.4888,0.041064,0.06183,1.80605,2.0,90.303,95.505,86,44,,
B0007,43,2008-04-25T12:03:44,24.0,3327.39,4.1961,2.076,2.076,4.1962,3.564,2.1201,-1.9671,-1.9953,0.0009,23.72,39.33,23.71,39.33,31.54,15.61,0.004692,6.4862,0.03971,0.063083,1.8132,2.0,90.66,95.883,86,43,,
B0007,44,2008-04-25T20:03:55,24.0,3312.08,4.2043,2.0674,2.0674,4.2045,3.5605,2.1369,-1.9781,-1.9951,-0.0007,23.53,38.61,23.52,38.61,31.25,15.08,0.004553,6.484,0.03971,0.063083,1.80626,2.0,90.313,95.516,86,42,,
B0007,45,2008-04-26T01:04:35,24.0,3293.17,4.2018,2.0373,2.0373,4.2021,3.5567,2.1646,-1.978,-1.9939,-0.0012,23.09,38.57,23.07,38.57,30.94,15.48,0.004701,6.4397,0.046589,0.069387,1.79583,2.0,89.792,94.965,86,41,,
B0007,46,2008-04-26T05:57:35,24.0,3275.33,4.2029,2.1633,2.1633,4.2029,3.5584,2.0396,-1.9779,-1.9932,0.0005,22.99,38.35,22.98,38.35,30.88,15.35,0.004688,6.407,0.045059,0.069281,1.78589,2.0,89.294,94.439,86,40,,
B0007,47,2008-04-26T10:58:25,24.0,3265.02,4.2018,2.1066,2.1066,4.2018,3.5561,2.0951,-1.978,-1.9938,-0.0024,22.98,38.48,22.97,38.48,30.92,15.51,0.00475,6.3833,0.045814,0.069665,1.78033,2.0,89.016,94.145,86,39,,
B0007,48,2008-04-29T12:15:56,24.0,3328.94,4.1919,2.1809,2.1809,4.1919,3.569,2.011,-1.9779,-1.9934,-0.0002,26.47,41.05,26.47,41.05,33.88,14.58,0.00438,6.5319,0.045814,0.069665,1.81508,2.0,90.754,95.982,86,38,,
B0007,49,2008-04-29T17:05:27,24.0,3329.27,4.2033,2.1773,2.1773,4.2034,3.5711,2.026,-1.9782,-1.9947,-0.0013,25.39,40.36,25.38,40.36,33.04,14.98,0.004498,6.5371,0.048887,0.069685,1.8157,2.0,90.785,96.015,86,37,,
B0007,50,2008-04-29T22:00:04,24.0,3301.58,4.2025,2.1801,2.1801,4.2028,3.5667,2.0223,-1.978,-1.9928,-0.0008,24.53,39.67,24.5,39.67,32.27,15.14,0.004586,6.474,0.048055,0.069886,1.80024,2.0,90.012,95.198,86,36,,
B0007,51,2008-04-30T02:43:55,24.0,3283.56,4.2033,2.1286,2.1286,4.2033,3.5633,2.0746,-1.978,-1.995,-0.0007,24.05,39.48,24.04,39.48,31.94,15.43,0.0047,6.4326,0.047509,0.070373,1.79045,2.0,89.522,94.68,86,35,,
B0007,52,2008-04-30T07:41:42,24.0,3275.12,4.2026,2.8191,2.1559,4.2026,3.559,2.0467,-1.9722,-1.9942,0.0007,23.72,39.42,23.72,39.42,31.69,15.69,0.004792,6.3984,0.04818,0.07048,1.78034,2.0,89.017,94.146,86,34,,
B0007,53,2008-04-30T12:28:49,24.0,3265.66,4.2032,2.7915,2.0671,4.2032,3.5567,2.1361,-1.9723,-1.9927,0.0002,23.74,39.72,23.74,39.72,31.78,15.98,0.004893,6.3762,0.048532,0.07035,1.77533,2.0,88.766,93.88,86,33,,
B0007,54,2008-04-30T17:20:16,24.0,3266.09,4.2027,2.9127,2.062,4.2027,3.555,2.1407,-1.9668,-1.9937,-0.0009,24.07,40.03,24.07,40.04,32.13,15.97,0.00489,6.3584,0.049746,0.07096,1.77026,2.0,88.513,93.613,86,32,,
B0007,55,2008-04-30T22:14:54,24.0,3257.59,4.2026,2.996,2.143,4.2026,3.5526,2.0595,-1.9609,-1.9926,0.0001,23.86,39.47,23.86,39.66,31.89,15.81,0.004852,6.3207,0.049894,0.069888,1.76008,2.0,88.004,93.074,86,31,,
B0007,56,2008-05-01T03:15:33,24.0,3248.59,4.2011,2.9727,1.9929,4.2013,3.5472,2.2082,-1.9608,-1.9943,-0.0009,23.74,39.73,23.74,39.85,31.82,16.1,0.004957,6.2932,0.047621,0.069596,1.74965,2.0,87.482,92.522,86,30,,
B0007,57,2008-05-01T08:16:03,24.0,3238.77,4.2025,2.9814,2.0336,4.2025,3.5468,2.1689,-1.9607,-1.9932,0.0011,23.59,39.74,23.58,39.74,31.72,16.16,0.004988,6.2734,0.04648,0.071098,1.74965,2.0,87.483,92.523,86,29,,
B0007,58,2008-05-01T13:14:24,24.0,3240.14,4.2022,3.0307,2.0213,4.2023,3.5448,2.1809,-1.9551,-1.9933,0.0018,23.72,39.82,23.71,40.07,31.96,16.36,0.005048,6.2562,0.047969,0.070893,1.74503,2.0,87.251,92.278,86,28,,
B0007,59,2008-05-01T18:11:10,24.0,3230.11,4.2025,3.0391,2.079,4.2025,3.5465,2.1235,-1.9551,-1.9939,0.0005,24.23,40.01,24.22,40.25,32.3,16.02,0.00496,6.2398,0.048225,0.070977,1.73965,2.0,86.982,91.994,86,27,,
B0007,60,2008-05-01T23:10:15,24.0,3229.78,4.2021,3.0733,1.9925,4.2023,3.5408,2.2096,-1.9492,-1.993,-0.0018,24.02,39.75,24.02,40.27,32.13,16.25,0.005032,6.2121,0.04909,0.070229,1.72856,2.0,86.428,91.408,86,26,,
B0007,61,2008-05-02T03:53:34,24.0,3212.47,4.2029,3.0988,2.1404,4.2031,3.543,2.0625,-1.9485,-2.0028,0.0003,23.87,39.59,23.87,39.9,32.02,16.03,0.00499,6.1799,0.048817,0.071894,1.7239,2.0,86.195,91.161,86,25,,
B0007,62,2008-05-02T08:44:40,24.0,3213.22,4.2024,3.1214,2.0068,4.2027,3.5361,2.1956,-1.9431,-1.995,0.0003,23.68,39.58,23.68,40.06,31.86,16.38,0.005097,6.1538,0.048892,0.070126,1.71398,2.0,85.699,90.636,86,24,,
B0007,63,2008-05-02T13:43:05,24.0,3203.58,4.2026,3.1346,2.1219,4.2029,3.5392,2.0807,-1.943,-2.0016,0.0004,23.84,39.78,23.84,40.24,32.16,16.4,0.005119,6.1402,0.047423,0.069078,1.71397,2.0,85.699,90.636,86,23,,
B0007,64,2008-05-02T19:07:48,24.0,3195.12,4.2013,3.121,2.012,4.2015,3.5348,2.1893,-1.9425,-1.994,0.0009,24.24,39.61,24.24,40.13,32.1,15.89,0.004973,6.1152,0.04846,0.070838,1.70365,2.0,85.183,90.09,86,22,,
B0007,65,2008-05-02T23:24:17,24.0,3195.31,4.204,3.1645,2.0744,4.2043,3.5366,2.1295,-1.937,-1.9939,0.0009,24.1,39.81,24.1,40.4,32.34,16.3,0.0051,6.1025,0.04846,0.070838,1.70401,2.0,85.201,90.109,86,21,,
B0007,66,2008-05-03T04:13:08,24.0,3186.3,4.2022,3.21,2.1888,4.2022,3.5352,2.0134,-1.931,-1.9941,0.0022,23.9,39.42,23.89,40.19,32.21,16.29,0.005112,6.0642,0.048909,0.072244,1.69357,2.0,84.679,89.557,86,20,,
B0007,67,2008-05-03T09:10:19,24.0,3176.44,4.2018,3.2106,2.174,4.202,3.533,2.0278,-1.9305,-1.9931,-0.0005,23.76,39.38,23.75,40.15,32.1,16.39,0.00516,6.0392,0.050493,0.071478,1.68766,2.0,84.383,89.244,86,19,,
B0007,68,2008-05-03T14:04:34,24.0,3167.59,4.2026,3.2117,2.1784,4.2026,3.5322,2.0242,-1.9306,-1.9933,0.0027,23.74,39.45,23.73,40.19,32.11,16.45,0.005194,6.0216,0.049654,0.072815,1.68307,2.0,84.154,89.002,86,18,,
B0007,69,2008-05-03T18:58:13,24.0,3167.72,4.2023,3.2368,2.1915,4.2023,3.5308,2.0108,-1.9247,-1.9933,0.0006,23.79,39.35,23.78,40.28,32.2,16.49,0.005205,6.0024,0.049805,0.071837,1.67793,2.0,83.896,88.73,86,17,,
B0007,70,2008-05-03T23:42:30,24.0,3159.08,4.2028,3.2363,2.1753,4.2029,3.5297,2.0275,-1.9246,-1.9934,0.0026,23.84,39.42,23.83,40.31,32.23,16.47,0.005215,5.9838,0.049601,0.072121,1.67321,2.0,83.66,88.48,86,16,,
B0007,71,2008-05-04T04:41:40,24.0,3148.83,4.202,3.2381,2.1833,4.2022,3.5282,2.0187,-1.9244,-1.9943,0.0001,23.78,39.41,23.78,40.32,32.21,16.54,0.005252,5.9608,0.049333,0.072638,1.66744,2.0,83.372,88.175,86,15,,
B0007,72,2008-05-04T09:40:11,24.0,3149.09,4.2023,3.2608,2.1929,4.2023,3.5266,2.0095,-1.9184,-1.9951,-0.0006,23.77,39.26,23.77,40.33,32.22,16.56,0.005259,5.9409,0.048245,0.073444,1.66227,2.0,83.113,87.902,86,14,,
B0007,73,2008-05-04T14:38:13,24.0,3140.55,4.2018,3.2576,2.1561,4.202,3.5245,2.0457,-1.9182,-1.994,-0.0008,23.76,39.37,23.76,40.43,32.23,16.67,0.005308,5.9206,0.050015,0.073819,1.65742,2.0,82.871,87.646,86,13,,
B0007,74,2008-05-04T19:37:07,24.0,3131.62,4.2015,3.2562,2.1385,4.2016,3.5229,2.0629,-1.9181,-1.9959,-0.0006,23.75,39.4,23.75,40.46,32.23,16.71,0.005335,5.9007,0.047457,0.072556,1.65254,2.0,82.627,87.387,86,12,,
B0007,75,2008-05-05T00:35:53,24.0,3121.91,4.2019,3.2612,2.1646,4.202,3.5223,2.0373,-1.918,-1.9951,0.0007,23.69,39.32,23.69,40.4,32.18,16.71,0.005352,5.8806,0.048886,0.072899,1.64722,2.0,82.361,87.106,86,11,,
B0007,76,2008-05-05T05:28:13,24.0,3122.12,4.202,3.2768,2.1187,4.202,3.519,2.0833,-1.9117,-1.9933,0.0026,23.65,39.22,23.64,40.44,32.17,16.79,0.005378,5.8572,0.049042,0.072024,1.63641,2.0,81.821,86.535,86,10,,
B0007,77,2008-05-05T11:41:31,24.0,3121.67,4.2047,3.2802,2.1378,4.2047,3.5178,2.0669,-1.9116,-1.9934,0.0016,23.62,39.04,23.62,40.26,32.03,16.64,0.005332,5.854,0.04862,0.072235,1.63626,2.0,81.813,86.526,86,9,,
B0007,78,2008-05-05T20:40:08,24.0,3120.86,4.2038,3.2463,2.1032,4.204,3.5212,2.1006,-1.9176,-1.9937,-0.0003,24.18,39.49,24.17,40.65,32.51,16.47,0.005277,5.8771,0.04862,0.072235,1.64112,2.0,82.056,86.783,86,8,,
B0007,79,2008-05-06T01:38:46,24.0,3103.83,4.2019,3.2848,2.1867,4.202,3.5172,2.0152,-1.9111,-1.9951,0.0011,23.55,38.83,23.55,39.95,31.96,16.4,0.005283,5.8177,0.048307,0.074496,1.63157,2.0,81.579,86.278,86,7,,
B0007,80,2008-05-06T06:37:06,24.0,3095.09,4.2018,3.2782,2.1008,4.2018,3.5125,2.101,-1.9109,-1.9938,0.0013,23.16,38.89,23.16,40.17,31.8,17.01,0.005495,5.7927,0.048077,0.074038,1.62121,2.0,81.061,85.731,86,6,,
B0007,81,2008-05-06T11:25:21,24.0,3095.78,4.2022,3.2985,2.1417,4.2022,3.513,2.0605,-1.905,-1.9935,0.0008,23.26,38.96,23.26,40.37,31.96,17.1,0.005525,5.7774,0.048897,0.071937,1.61643,2.0,80.821,85.478,86,5,,
B0007,82,2008-05-06T16:23:36,24.0,3094.33,4.2014,3.2892,2.0912,4.2014,3.5125,2.1102,-1.9051,-1.9955,0.0005,23.71,39.49,23.71,40.88,32.42,17.18,0.005551,5.7751,0.050605,0.074005,1.61582,2.0,80.791,85.446,86,4,,
B0007,83,2008-05-06T21:21:49,24.0,3086.53,4.2016,3.2962,2.1663,4.2016,3.5151,2.0353,-1.9049,-1.9938,0.0015,24.06,39.47,24.06,40.86,32.64,16.79,0.00544,5.7635,0.055132,0.074632,1.61672,2.0,80.836,85.493,86,3,,
B0007,84,2008-05-07T02:17:25,24.0,3085.62,4.2017,3.3161,2.1844,4.2017,3.5134,2.0173,-1.8988,-1.9935,0.0007,23.96,39.2,23.96,40.78,32.56,16.82,0.005452,5.7407,0.052122,0.075303,1.61087,2.0,80.543,85.184,86,2,,
B0007,85,2008-05-07T07:04:02,24.0,3067.2,4.2025,3.2993,2.114,4.2026,3.5097,2.0885,-1.9043,-1.9938,0.0028,23.71,39.14,23.71,40.58,32.28,16.87,0.0055,5.7164,0.050776,0.074964,1.60066,2.0,80.033,84.644,86,1,,
B0007,86,2008-05-07T12:01:49,24.0,3058.16,4.2015,3.2941,2.0288,4.2015,3.5043,2.1727,-1.9042,-1.9948,0.0015,23.38,39.27,23.38,40.63,32.06,17.25,0.005642,5.6912,0.051267,0.075412,1.59592,2.0,79.796,84.393,86,0,,
B0007,87,2008-05-07T16:59:29,24.0,3058.81,4.2012,3.3211,2.1949,4.2013,3.5092,2.0063,-1.8983,-1.9949,-0.0001,23.59,39.19,23.58,40.75,32.37,17.16,0.00561,5.6821,0.051356,0.074965,1.59622,2.0,79.811,84.409,86,0,,
B0007,88,2008-05-07T21:56:09,24.0,3058.58,4.2012,3.3149,2.1621,4.2015,3.5095,2.0391,-1.8978,-1.9941,0.0019,23.98,39.52,23.98,41.07,32.69,17.09,0.005586,5.6813,0.051949,0.074699,1.59581,2.0,79.79,84.387,86,0,,
B0007,89,2008-05-08T02:53:49,24.0,3049.33,4.2013,3.2853,2.0093,4.2014,3.5052,2.192,-1.9036,-1.9937,0.004,24.06,40.01,24.05,41.41,32.75,17.35,0.005689,5.6748,0.051287,0.075395,1.59065,2.0,79.533,84.115,86,0,,
B0007,90,2008-05-09T12:25:07,24.0,3177.22,4.2331,3.1679,2.1443,4.2333,3.5281,2.0889,-1.937,-1.9937,0.0011,23.85,40.42,23.85,41.02,32.51,17.16,0.005403,6.052,0.055028,0.077059,1.68882,2.0,84.441,89.306,86,0,,
B0007,91,2008-05-09T20:28:09,24.0,3082.94,4.2039,3.2156,2.0963,4.2039,3.5196,2.1076,-1.9233,-1.994,0.0002,24.44,40.45,24.44,41.32,32.92,16.88,0.005476,5.8201,0.055273,0.076665,1.62599,2.0,81.3,85.984,86,0,,
B0007,92,2008-05-10T01:21:56,24.0,3074.27,4.2018,3.2373,2.0377,4.202,3.5146,2.1641,-1.9169,-1.9933,0.0026,24.49,40.38,24.48,41.4,32.95,16.91,0.0055,5.777,0.053241,0.075583,1.61574,2.0,80.787,85.441,86,0,,
B0007,93,2008-05-10T06:18:12,24.0,3066.0,4.2013,3.2651,2.0503,4.2016,3.5115,2.1511,-1.9105,-1.9935,0.0003,24.23,40.03,24.23,41.25,32.77,17.02,0.005552,5.737,0.052735,0.075743,1.60566,2.0,80.283,84.908,86,0,,
B0007,94,2008-05-10T11:16:04,24.0,3056.44,4.2008,3.2964,2.1422,4.2012,3.5108,2.0587,-1.9043,-1.9942,-0.0006,24.0,39.55,24.0,40.95,32.6,16.95,0.005546,5.6985,0.054102,0.076059,1.59497,2.0,79.749,84.343,86,0,,
B0007,95,2008-05-10T16:11:56,24.0,3048.22,4.2015,3.2938,2.0931,4.2017,3.508,2.1084,-1.904,-1.9943,0.0006,23.89,39.6,23.88,40.99,32.52,17.1,0.00561,5.6782,0.053379,0.076877,1.59041,2.0,79.521,84.102,86,0,,
B0007,96,2008-05-10T21:07:54,24.0,3039.22,4.2018,3.2956,2.1095,4.2018,3.5077,2.0922,-1.9037,-2.0,0.0015,23.94,39.67,23.94,41.03,32.58,17.09,0.005623,5.6598,0.055238,0.078844,1.58535,2.0,79.268,83.834,86,0,,
B0007,97,2008-05-11T02:05:21,24.0,3039.05,4.2012,3.3145,2.1295,4.2012,3.5067,2.0717,-1.8977,-1.9957,0.0003,23.98,39.47,23.98,41.01,32.63,17.03,0.005604,5.64,0.054439,0.077854,1.57997,2.0,78.999,83.55,86,0,,
B0007,98,2008-05-11T06:55:27,24.0,3030.38,4.2017,3.3163,2.1386,4.2018,3.5062,2.0632,-1.8973,-1.9953,0.0007,24.0,39.5,24.0,41.05,32.65,17.05,0.005625,5.6224,0.054055,0.078211,1.57522,2.0,78.761,83.299,86,0,,
B0007,99,2008-05-11T11:52:47,24.0,3021.0,4.2012,3.3181,2.1438,4.2012,3.5051,2.0574,-1.897,-1.9943,0.0017,23.97,39.52,23.97,41.05,32.65,17.08,0.005653,5.6013,0.053353,0.078199,1.5698,2.0,78.49,83.012,86,0,,
B0007,100,2008-05-11T16:49:58,24.0,3021.75,4.2013,3.3377,2.1992,4.2013,3.5054,2.0021,-1.8909,-1.9969,0.0051,24.01,39.32,24.01,41.02,32.7,17.01,0.005629,5.5855,0.053548,0.077998,1.57026,2.0,78.513,83.036,86,0,,
B0007,101,2008-05-11T21:47:12,24.0,3012.26,4.201,3.3085,2.0253,4.201,3.5001,2.1757,-1.8969,-1.9939,-0.0001,24.01,39.81,24.01,41.35,32.72,17.33,0.005754,5.578,0.054296,0.077556,1.56525,2.0,78.262,82.771,86,0,,
B0007,102,2008-05-12T02:36:58,24.0,3002.64,4.2015,3.3162,2.0874,4.2015,3.5012,2.114,-1.8965,-1.9942,0.0011,24.0,39.7,23.99,41.24,32.7,17.24,0.005742,5.5598,0.054141,0.078491,1.55963,2.0,77.982,82.474,86,0,,
B0007,103,2008-05-12T12:56:34,24.0,3012.0,4.1961,3.3086,2.0863,4.1962,3.5004,2.1098,-1.8968,-1.9932,0.0025,24.08,39.66,24.07,41.22,32.74,17.14,0.005691,5.5775,0.054977,0.078639,1.56498,2.0,78.249,82.757,86,0,,
B0007,104,2008-05-12T18:59:59,24.0,3020.11,4.2052,3.2798,2.0588,4.2052,3.5078,2.1464,-1.9031,-1.997,0.0003,24.77,40.51,24.77,41.9,33.39,17.12,0.00567,5.6247,0.054276,0.075378,1.57498,2.0,78.749,83.286,86,0,,
B0007,105,2008-05-12T23:53:17,24.0,3002.17,4.2014,3.2817,2.0077,4.2015,3.5025,2.1937,-1.9029,-2.004,0.0011,24.61,40.54,24.6,41.9,33.27,17.29,0.005759,5.5818,0.054524,0.078173,1.56528,2.0,78.264,82.773,86,0,,
B0007,106,2008-05-13T04:35:25,24.0,2992.7,4.2016,3.3193,2.1907,4.2019,3.5052,2.011,-1.8963,-2.0004,0.0012,24.42,39.95,24.42,41.48,33.12,17.06,0.0057,5.5472,0.054412,0.078168,1.55976,2.0,77.988,82.481,86,0,,
B0007,107,2008-05-13T09:24:04,24.0,2964.47,4.1994,3.2714,2.0084,4.1999,3.4984,2.1909,-1.9084,-2.0053,0.001,24.2,40.44,24.2,41.64,32.91,17.44,0.005884,5.5195,0.054512,0.076511,1.5499,2.0,77.495,81.96,86,0,,
B0007,108,2008-05-13T14:20:24,24.0,2983.38,4.2009,3.3355,2.1646,4.2009,3.5001,2.0362,-1.8898,-1.9945,0.0003,24.12,39.74,24.12,41.43,32.95,17.31,0.005804,5.503,0.052352,0.077256,1.54388,2.0,77.194,81.641,86,0,,
B0007,109,2008-05-13T19:04:20,24.0,2975.3,4.2016,3.3093,2.0647,4.2016,3.4991,2.1369,-1.8959,-1.9939,-0.0006,24.46,40.29,24.46,41.85,33.23,17.4,0.005847,5.5055,0.055583,0.077235,1.54502,2.0,77.251,81.702,86,0,,
B0007,110,2008-05-13T23:59:26,24.0,2974.99,4.2011,3.333,2.1702,4.2011,3.501,2.0309,-1.8894,-1.9945,0.0027,24.61,40.07,24.61,41.78,33.36,17.17,0.005772,5.4883,0.054741,0.079018,1.54459,2.0,77.23,81.679,86,0,,
B0007,111,2008-05-14T04:55:57,24.0,2966.25,4.2008,3.3333,2.1208,4.2008,3.4972,2.0801,-1.8889,-2.0004,0.0017,24.35,39.91,24.33,41.63,33.12,17.28,0.005825,5.4648,0.055237,0.079939,1.53431,2.0,76.715,81.135,86,0,,
B0007,112,2008-05-14T09:52:22,24.0,2956.36,4.2004,3.3356,2.1363,4.2004,3.4961,2.0641,-1.8885,-1.9965,0.0005,24.14,39.82,24.14,41.55,32.99,17.41,0.005889,5.4435,0.057265,0.079423,1.52876,2.0,76.438,80.842,86,0,,
B0007,113,2008-05-14T14:35:22,24.0,2956.34,4.2018,3.3304,2.0939,4.2018,3.4959,2.1079,-1.8888,-1.9936,0.001,24.39,40.12,24.39,41.84,33.23,17.45,0.005901,5.4443,0.051071,0.078765,1.52893,2.0,76.446,80.851,86,0,,
B0007,114,2008-05-14T19:31:39,24.0,2956.41,4.2005,3.3206,1.9959,4.2007,3.4931,2.2046,-1.8888,-1.9953,0.0019,24.67,40.5,24.67,42.24,33.51,17.57,0.005942,5.4411,0.055089,0.078067,1.52909,2.0,76.455,80.859,86,0,,
B0007,115,2008-05-15T00:27:55,24.0,2947.27,4.2002,3.3255,2.0306,4.2002,3.4927,2.1696,-1.8882,-2.0011,-0.0001,24.57,40.34,24.57,42.04,33.38,17.47,0.005928,5.4219,0.055779,0.078243,1.52391,2.0,76.195,80.585,86,0,,
B0007,116,2008-05-15T05:24:04,24.0,2937.98,4.2007,3.3331,2.0759,4.2007,3.4921,2.1248,-1.8879,-1.9951,0.0012,24.34,40.08,24.34,41.8,33.18,17.46,0.005943,5.402,0.058455,0.078088,1.51867,2.0,75.933,80.308,86,0,,
B0007,117,2008-05-15T10:20:03,24.0,2929.12,4.2004,3.3357,2.0794,4.2004,3.4902,2.121,-1.8877,-1.9951,0.0011,24.1,39.96,24.1,41.69,33.02,17.59,0.006004,5.3816,0.054873,0.081143,1.51365,2.0,75.682,80.043,86,0,,
B0007,118,2008-05-15T15:10:59,24.0,2928.45,4.201,3.3309,2.0585,4.201,3.4906,2.1425,-1.8878,-1.995,0.0005,24.36,40.28,24.36,41.99,33.27,17.62,0.006018,5.3822,0.056899,0.078872,1.51361,2.0,75.68,80.04,86,0,,
B0007,119,2008-05-15T19:56:47,24.0,2929.38,4.2014,3.3253,2.0253,4.2015,3.4911,2.1761,-1.8877,-1.9943,0.0014,24.75,40.62,24.74,42.33,33.62,17.58,0.006001,5.3848,0.055743,0.080057,1.51395,2.0,75.697,80.058,86,0,,
B0007,120,2008-05-16T16:54:59,24.0,2946.03,4.1925,3.2755,2.007,4.1928,3.4928,2.1855,-1.901,-1.9936,0.0002,24.96,40.35,24.96,41.64,33.3,16.67,0.00566,5.4569,0.054464,0.07792,1.53396,2.0,76.698,81.117,86,0,,
B0007,121,2008-05-16T21:37:39,24.0,2955.44,4.2046,3.3088,2.1979,4.2046,3.5025,2.0067,-1.8951,-2.0027,0.003,24.95,39.93,24.95,41.47,33.39,16.52,0.005589,5.4714,0.054464,0.07792,1.53914,2.0,76.957,81.391,86,0,,
B0007,122,2008-05-17T02:32:13,24.0,2937.62,4.2009,3.3016,2.0299,4.201,3.493,2.1709,-1.8941,-1.9945,0.0013,24.6,40.03,24.59,41.54,33.14,16.94,0.005768,5.4212,0.056043,0.079913,1.52362,2.0,76.181,80.57,86,0,,
B0007,123,2008-05-17T07:25:19,24.0,2929.08,4.201,3.3294,2.1172,4.201,3.4917,2.0839,-1.8875,-1.9936,0.002,24.21,39.5,24.21,41.14,32.84,16.93,0.005779,5.3839,0.057197,0.081853,1.51358,2.0,75.679,80.039,86,0,,
B0007,124,2008-05-17T12:21:15,24.0,2918.38,4.2005,3.333,2.131,4.2008,3.4904,2.0695,-1.8871,-1.994,0.0008,24.08,39.42,24.08,41.09,32.76,17.01,0.005828,5.3611,0.05534,0.080867,1.50779,2.0,75.389,79.733,86,0,,
B0007,125,2008-05-17T17:15:37,24.0,2919.81,4.2008,3.3472,2.1294,4.201,3.4889,2.0713,-1.8808,-1.9944,0.0012,24.06,39.26,24.06,41.1,32.77,17.04,0.005835,5.3433,0.057051,0.081538,1.5032,2.0,75.16,79.49,86,0,,
B0007,126,2008-05-17T22:10:51,24.0,2900.42,4.2004,3.3383,2.1645,4.2004,3.4892,2.0359,-1.8864,-1.9927,0.0028,24.01,39.36,24.01,41.03,32.72,17.02,0.005867,5.3241,0.057762,0.082066,1.49782,2.0,74.891,79.206,86,0,,
B0007,127,2008-05-18T03:05:19,24.0,2901.38,4.2002,3.354,2.1743,4.2003,3.4879,2.0259,-1.88,-1.9943,0.0023,23.99,39.16,23.99,41.0,32.71,17.0,0.005861,5.305,0.057585,0.082933,1.49285,2.0,74.642,78.943,86,0,,
B0007,128,2008-05-18T08:00:50,24.0,2901.19,4.1998,3.3702,2.1929,4.2002,3.4864,2.0069,-1.8733,-1.9933,0.0017,23.86,38.85,23.86,40.88,32.62,17.02,0.005867,5.2829,0.056707,0.082688,1.49241,2.0,74.621,78.92,86,0,,
B0007,129,2008-05-18T12:44:48,24.0,2891.64,4.2004,3.346,2.0298,4.2005,3.4813,2.1706,-1.8797,-1.9944,0.0004,23.8,39.25,23.8,41.09,32.58,17.3,0.005982,5.2768,0.058716,0.082942,1.48748,2.0,74.374,78.659,86,0,,
B0007,130,2008-05-18T17:36:29,24.0,2882.91,4.2003,3.3519,2.0959,4.2003,3.4824,2.1043,-1.8791,-1.9928,0.0002,23.79,39.16,23.79,41.01,32.58,17.22,0.005975,5.2607,0.05711,0.08239,1.48254,2.0,74.127,78.397,86,0,,
B0007,131,2008-05-18T22:31:45,24.0,2883.26,4.1998,3.3713,2.1777,4.1999,3.4835,2.0221,-1.8729,-1.9944,0.0015,23.83,38.91,23.83,40.91,32.62,17.08,0.005923,5.2446,0.057018,0.081657,1.48279,2.0,74.139,78.411,86,0,,
B0007,132,2008-05-19T03:27:07,24.0,2882.97,4.2004,3.3636,2.0563,4.2004,3.479,2.1442,-1.8727,-1.9944,0.0005,23.75,39.04,23.74,41.07,32.59,17.32,0.006006,5.2367,0.057715,0.083974,1.47697,2.0,73.849,78.103,86,0,,
B0007,133,2008-05-19T15:34:33,24.0,2891.66,4.193,3.3589,2.1513,4.1931,3.4835,2.0417,-1.8727,-1.9926,0.0024,24.46,38.81,24.46,40.85,32.86,16.39,0.005667,5.2614,0.056868,0.083735,1.4819,2.0,74.095,78.364,86,0,,
B0007,134,2008-05-19T20:59:48,24.0,2901.25,4.203,3.3422,2.1694,4.2034,3.49,2.0336,-1.88,-1.9933,0.0008,24.58,39.35,24.58,41.13,33.08,16.55,0.005705,5.3091,0.056868,0.083735,1.49814,2.0,74.907,79.222,86,0,,
B0007,135,2008-05-20T01:16:42,24.0,2891.7,4.202,3.3566,2.1168,4.2021,3.4848,2.0853,-1.873,-1.9934,0.0031,24.34,39.12,24.33,41.09,32.93,16.76,0.005795,5.2639,0.056868,0.083735,1.48208,2.0,74.104,78.373,86,0,,
B0007,136,2008-05-20T06:12:06,24.0,2883.02,4.2001,3.3536,2.0094,4.2001,3.4784,2.1907,-1.8725,-1.9932,0.003,24.09,39.07,24.08,41.12,32.76,17.03,0.005907,5.2371,0.054657,0.081969,1.47712,2.0,73.856,78.111,86,0,,
B0007,137,2008-05-20T11:07:23,24.0,2873.45,4.1996,3.3568,2.0035,4.1998,3.4757,2.1961,-1.8725,-1.9956,0.0022,23.77,38.97,23.77,40.98,32.53,17.21,0.005989,5.2152,0.058554,0.081713,1.47208,2.0,73.604,77.844,86,0,,
B0007,138,2008-05-20T15:57:27,24.0,2874.03,4.1998,3.3779,2.173,4.1998,3.4814,2.0269,-1.8659,-1.9935,0.0019,24.13,38.87,24.13,41.02,32.85,16.89,0.005875,5.2057,0.05828,0.082822,1.47225,2.0,73.612,77.853,86,0,,
B0007,139,2008-05-20T20:50:39,24.0,2874.23,4.2,3.3707,2.0875,4.2004,3.4796,2.1125,-1.8658,-1.9931,0.0021,24.4,39.11,24.4,41.3,33.07,16.9,0.00588,5.2042,0.065543,0.087126,1.46701,2.0,73.351,77.576,86,0,,
B0007,140,2008-05-21T01:39:38,24.0,2864.98,4.2002,3.3763,2.1106,4.2002,3.4782,2.0896,-1.8655,-1.9967,0.0025,24.16,38.88,24.16,41.11,32.85,16.95,0.005916,5.183,0.063437,0.089612,1.46177,2.0,73.088,77.299,86,0,,
B0007,141,2008-05-21T06:24:27,24.0,2855.09,4.1998,3.3771,2.0725,4.1999,3.4743,2.1273,-1.8651,-1.9941,0.0015,23.83,38.73,23.83,40.88,32.57,17.04,0.00597,5.1593,0.064091,0.089231,1.4567,2.0,72.835,77.031,86,0,,
B0007,142,2008-05-21T11:18:06,24.0,2855.62,4.1995,3.394,2.1254,4.1996,3.4737,2.0741,-1.8585,-1.9932,0.0012,23.61,38.4,23.61,40.73,32.45,17.12,0.005994,5.1396,0.064945,0.088279,1.45135,2.0,72.568,76.749,86,0,,
B0007,143,2008-05-21T16:10:21,24.0,2855.59,4.1999,3.3898,2.1147,4.2,3.4748,2.0852,-1.8589,-1.9967,0.0031,23.89,38.72,23.89,41.03,32.74,17.15,0.006005,5.1425,0.063091,0.090665,1.45162,2.0,72.581,76.762,86,0,,
B0007,144,2008-05-21T21:02:09,24.0,2847.44,4.1995,3.3953,2.1738,4.2,3.4761,2.0256,-1.8582,-1.993,0.003,24.03,38.51,24.02,40.9,32.78,16.87,0.005924,5.1272,0.063568,0.090368,1.44682,2.0,72.341,76.509,86,0,,
B0007,145,2008-05-22T01:42:59,24.0,2847.36,4.2004,3.3858,1.9947,4.2004,3.4687,2.2056,-1.8581,-1.9936,0.0007,23.76,38.65,23.76,41.02,32.58,17.27,0.006064,5.1171,0.063543,0.089937,1.44676,2.0,72.338,76.505,86,0,,
B0007,146,2008-05-22T06:32:40,24.0,2837.33,4.1996,3.3899,2.0034,4.1996,3.4662,2.1962,-1.8577,-1.9944,0.0026,23.46,38.46,23.46,40.82,32.35,17.36,0.006118,5.0938,0.063628,0.09245,1.44138,2.0,72.069,76.221,86,0,,
B0007,147,2008-05-22T11:23:22,24.0,2837.28,4.1995,3.4073,2.1165,4.1997,3.4682,2.0831,-1.8512,-1.9938,0.0021,23.32,38.11,23.31,40.65,32.29,17.33,0.006108,5.0785,0.065901,0.090033,1.43625,2.0,71.812,75.95,86,0,,
B0007,148,2008-05-22T16:17:58,24.0,2838.51,4.1993,3.4005,2.0519,4.1993,3.4679,2.1474,-1.8515,-1.9942,0.0003,23.67,38.41,23.67,40.97,32.6,17.29,0.006092,5.0808,0.064349,0.092834,1.43682,2.0,71.841,75.98,86,0,,
B0007,149,2008-05-22T20:59:50,24.0,2828.33,4.2001,3.3878,2.0032,4.2001,3.4662,2.1969,-1.8574,-1.9935,0.0028,23.7,38.74,23.7,41.11,32.61,17.41,0.006156,5.0766,0.064769,0.09122,1.43629,2.0,71.815,75.952,86,0,,
B0007,150,2008-05-23T12:13:16,24.0,2838.26,4.1899,3.3798,1.9866,4.19,3.4625,2.2033,-1.8578,-1.9938,0.0022,23.33,38.44,23.33,40.79,32.27,17.46,0.006152,5.0908,0.063531,0.091167,1.44186,2.0,72.093,76.246,86,0,,
B0007,151,2008-05-23T20:14:29,24.0,2864.55,4.2024,3.366,2.1908,4.2027,3.4805,2.0116,-1.8658,-1.9962,0.0024,23.98,38.6,23.98,40.73,32.64,16.75,0.005847,5.1876,0.064225,0.087405,1.46721,2.0,73.36,77.587,86,0,,
B0007,152,2008-05-24T01:09:21,24.0,2846.39,4.1992,3.361,2.0333,4.1992,3.4723,2.1659,-1.8648,-1.9935,0.0013,23.92,38.85,23.92,40.99,32.67,17.07,0.005997,5.1408,0.066436,0.086716,1.45186,2.0,72.593,76.775,86,0,,
B0007,153,2008-05-24T06:00:20,24.0,2837.97,4.1996,3.3888,2.1914,4.1996,3.4744,2.0082,-1.8579,-1.9937,0.0026,23.75,38.31,23.75,40.63,32.5,16.87,0.005946,5.1075,0.063298,0.088374,1.44714,2.0,72.357,76.526,86,0,,
B0007,154,2008-05-24T10:42:50,24.0,2838.16,4.1999,3.4011,2.1841,4.2,3.4723,2.0158,-1.8512,-1.9936,0.0027,23.63,38.1,23.63,40.59,32.45,16.96,0.005975,5.0857,0.061456,0.088896,1.44179,2.0,72.09,76.243,86,0,,
B0007,155,2008-05-24T15:31:10,24.0,2829.84,4.1991,3.4031,2.1664,4.1993,3.4702,2.0327,-1.8509,-1.9935,0.0007,23.54,38.06,23.54,40.58,32.39,17.04,0.006023,5.0656,0.063824,0.090174,1.43163,2.0,71.582,75.706,86,0,,
B0007,156,2008-05-24T20:21:13,24.0,2829.62,4.199,3.3918,1.9872,4.1991,3.4635,2.2119,-1.8509,-1.9934,-0.0002,23.5,38.35,23.5,40.88,32.42,17.38,0.006142,5.0579,0.064547,0.090248,1.43181,2.0,71.59,75.715,86,0,,
B0007,157,2008-05-25T01:06:49,24.0,2819.44,4.1996,3.403,2.1314,4.1996,3.4675,2.0682,-1.8504,-1.994,0.0013,23.54,38.13,23.53,40.65,32.4,17.11,0.006068,5.0429,0.062497,0.091155,1.42626,2.0,71.313,75.421,86,0,,
B0007,158,2008-05-25T05:57:17,24.0,2819.58,4.1992,3.4181,2.189,4.1992,3.4676,2.0102,-1.8437,-1.9938,0.0005,23.47,37.86,23.46,40.53,32.36,17.07,0.006053,5.0235,0.063348,0.091726,1.42609,2.0,71.304,75.412,86,0,,
B0007,159,2008-05-25T10:51:37,24.0,2810.67,4.1991,3.3989,2.0322,4.1991,3.4622,2.1668,-1.8499,-1.9939,0.0026,23.44,38.29,23.44,40.82,32.38,17.38,0.006183,5.0183,0.067294,0.088776,1.42126,2.0,71.063,75.157,86,0,,
B0007,160,2008-05-25T15:37:08,24.0,2811.49,4.1998,3.4175,2.1695,4.1999,3.466,2.0302,-1.8433,-1.994,0.0009,23.5,37.97,23.5,40.64,32.43,17.14,0.006096,5.006,0.065795,0.089137,1.41633,2.0,70.816,74.896,86,0,,
B0007,161,2008-05-25T20:23:04,24.0,2802.42,4.1986,3.3973,1.9918,4.1987,3.4602,2.2068,-1.8495,-1.9936,0.0012,23.54,38.4,23.54,40.97,32.49,17.43,0.00622,4.9993,0.067069,0.089317,1.41658,2.0,70.829,74.91,86,0,,
B0007,162,2008-05-26T01:13:02,24.0,2801.62,4.1992,3.4177,2.1534,4.1992,3.4642,2.0458,-1.8426,-1.9933,0.0025,23.6,38.05,23.6,40.75,32.52,17.15,0.006122,4.9843,0.064909,0.090757,1.41084,2.0,70.542,74.606,86,0,,
B0007,163,2008-05-26T06:01:08,24.0,2802.03,4.1987,3.4098,2.0102,4.199,3.4588,2.1886,-1.8427,-1.9937,0.0027,23.51,38.19,23.51,40.93,32.48,17.42,0.006218,4.9778,0.064685,0.09126,1.41099,2.0,70.55,74.614,86,0,,
B0007,164,2008-05-26T10:44:38,24.0,2793.39,4.1994,3.4185,2.1327,4.1994,3.4621,2.0666,-1.8422,-1.9932,0.001,23.5,38.03,23.49,40.74,32.46,17.24,0.006171,4.9648,0.064766,0.093315,1.40617,2.0,70.309,74.359,86,0,,
B0007,165,2008-05-26T15:30:43,24.0,2793.39,4.1988,3.4102,2.0115,4.199,3.4579,2.1873,-1.8423,-1.993,0.0028,23.56,38.27,23.56,41.01,32.56,17.45,0.006248,4.9601,0.064686,0.093572,1.40634,2.0,70.317,74.368,86,0,,
B0007,166,2008-05-26T20:21:04,24.0,2792.49,4.1984,3.4289,2.161,4.1984,3.4616,2.0374,-1.8356,-1.9976,0.0017,23.6,37.94,23.6,40.81,32.58,17.21,0.006163,4.9441,0.064925,0.091327,1.40046,2.0,70.023,74.057,86,0,,
B0007,167,2008-05-27T15:52:41,24.0,2802.02,4.1888,3.3721,2.0144,4.1889,3.4629,2.1745,-1.8561,-1.9933,0.0005,24.49,38.47,24.48,40.93,32.82,16.43,0.005865,5.0225,0.062425,0.089812,1.42179,2.0,71.089,75.185,86,0,,
B0007,168,2008-05-27T20:45:42,24.0,2820.39,4.2051,3.3839,2.1732,4.2051,3.4754,2.0319,-1.8574,-2.006,0.0017,24.74,37.85,24.74,40.57,32.93,15.84,0.005615,5.0768,0.062425,0.089812,1.43246,2.0,71.623,75.749,86,0,,
B0018,1,2008-07-07T15:15:28,24.0,3434.89,4.1881,3.0532,2.4722,4.1882,3.5275,1.7159,-1.9542,-2.013,0.0015,23.82,37.21,23.82,38.1,31.77,14.28,0.004158,6.6059,0.065158,0.095554,1.855,2.0,92.75,100.0,45,44,97,96.0
B0018,2,2008-07-07T21:53:06,24.0,3425.49,4.1865,3.0882,2.4114,4.1867,3.5348,1.7751,-1.9474,-2.0126,0.0031,24.31,37.16,24.31,38.15,31.92,13.84,0.004039,6.5804,0.062696,0.091619,1.8432,2.0,92.16,99.363,45,43,97,95.0
B0018,3,2008-07-08T02:56:08,24.0,3410.38,4.1888,3.0769,2.3944,4.1888,3.5382,1.7944,-1.9521,-2.0118,0.0022,23.74,36.68,23.74,37.53,31.32,13.78,0.004041,6.5721,0.061378,0.091883,1.8396,2.0,91.98,99.17,45,42,97,94.0
B0018,4,2008-07-08T07:58:55,24.0,3404.72,4.1889,3.1024,2.3999,4.1889,3.5377,1.7889,-1.9461,-2.0135,0.002,23.23,36.04,23.23,37.06,30.82,13.83,0.004063,6.542,0.061337,0.091412,1.83067,2.0,91.534,98.688,45,41,97,93.0
B0018,5,2008-07-08T18:57:48,24.0,3417.64,4.1899,3.1176,2.3851,4.1899,3.5427,1.8047,-1.9413,-2.0145,0.0018,24.42,37.08,24.41,38.21,31.95,13.79,0.004035,6.5616,0.061434,0.092019,1.8327,2.0,91.635,98.798,45,40,97,92.0
B0018,6,2008-07-08T22:57:17,24.0,3411.77,4.1903,3.114,2.3717,4.1905,3.5451,1.8186,-1.94,-2.0125,0.0027,24.7,37.05,24.7,38.17,32.02,13.48,0.003951,6.5522,0.061434,0.092019,1.82853,2.0,91.426,98.573,45,39,97,91.0
B0018,7,2008-07-09T02:56:41,24.0,3399.52,4.19,3.1693,2.4964,4.1903,3.5475,1.6936,-1.9336,-2.013,0.0024,24.31,36.35,24.31,37.64,31.63,13.33,0.00392,6.5108,0.061434,0.092019,1.8212,2.0,91.06,98.178,45,38,97,90.0
B0018,8,2008-07-09T06:55:54,24.0,3388.75,4.1903,3.1647,2.4375,4.1903,3.5448,1.7528,-1.9332,-2.0253,0.0073,23.92,36.13,23.92,37.38,31.29,13.46,0.003972,6.4853,0.061434,0.092019,1.81517,2.0,90.759,97.853,45,37,97,89.0
B0018,9,2008-07-09T11:26:41,24.0,3380.41,4.1883,3.1669,2.4152,4.1885,3.5435,1.7731,-1.9326,-2.0164,0.0013,23.65,36.04,23.65,37.29,31.11,13.63,0.004033,6.4642,0.062464,0.087845,1.8043,2.0,90.215,97.267,45,36,97,88.0
B0018,10,2008-07-10T16:34:39,24.0,3404.14,4.1915,3.1442,2.3774,4.1918,3.5431,1.814,-1.9388,-2.0138,0.0019,23.6,36.35,23.6,37.52,31.13,13.93,0.004091,6.5292,0.059112,0.089898,1.8231,2.0,91.155,98.28,45,35,97,87.0
B0018,11,2008-07-10T20:33:58,24.0,3396.14,4.1907,3.1635,2.3887,4.1907,3.5452,1.802,-1.9319,-2.0131,0.0029,24.13,36.42,24.13,37.72,31.51,13.6,0.004003,6.4963,0.059112,0.089898,1.81213,2.0,90.606,97.688,45,34,97,86.0
B0018,12,2008-07-11T00:30:25,24.0,3384.09,4.1902,3.1975,2.4323,4.1903,3.545,1.7579,-1.925,-2.0126,0.0026,24.01,35.99,24.01,37.41,31.31,13.4,0.00396,6.4506,0.059112,0.089898,1.80469,2.0,90.235,97.288,45,33,97,85.0
B0018,13,2008-07-11T04:28:49,24.0,3370.66,4.1896,3.2344,2.4975,4.1897,3.5441,1.6921,-1.918,-2.0119,0.0032,23.55,35.36,23.55,36.95,30.89,13.39,0.003973,6.3998,0.059112,0.089898,1.79084,2.0,89.542,96.541,45,32,97,84.0
B0018,14,2008-07-11T08:59:08,24.0,3357.8,4.1881,3.2418,2.4788,4.1884,3.5413,1.7094,-1.9174,-2.0137,0.0038,23.09,35.09,23.09,36.71,30.54,13.62,0.004055,6.3686,0.061055,0.087955,1.78347,2.0,89.174,96.144,45,31,97,83.0
B0018,15,2008-07-11T14:27:05,24.0,3363.01,4.1935,3.2273,2.3858,4.1935,3.5412,1.8077,-1.9181,-2.013,0.002,23.3,35.58,23.3,37.13,30.83,13.83,0.004112,6.3815,0.061009,0.087107,1.78094,2.0,89.047,96.007,45,30,97,82.0
B0018,16,2008-07-11T18:25:27,24.0,3357.73,4.1902,3.2384,2.3729,4.1902,3.5413,1.8174,-1.9106,-2.0148,0.002,24.0,35.99,24.0,37.69,31.45,13.69,0.004076,6.3499,0.061009,0.087107,1.77121,2.0,88.56,95.483,45,29,97,81.0
B0018,17,2008-07-11T22:22:05,24.0,3344.19,4.1908,3.2524,2.4087,4.1908,3.5427,1.7821,-1.9094,-2.0129,0.0031,24.23,35.93,24.22,37.63,31.52,13.4,0.004008,6.3221,0.061009,0.087107,1.76863,2.0,88.432,95.344,45,28,97,80.0
B0018,18,2008-07-12T02:18:11,24.0,3339.97,4.1897,3.2984,2.4963,4.1897,3.5413,1.6934,-1.8961,-2.0117,0.0057,23.8,35.14,23.8,37.15,31.11,13.36,0.003999,6.2663,0.061009,0.087107,1.75363,2.0,87.682,94.535,45,27,97,79.0
B0018,19,2008-07-12T06:45:43,24.0,3327.64,4.1876,3.2991,2.42,4.1876,3.535,1.7676,-1.8948,-2.0121,0.0035,23.13,34.75,23.13,36.79,30.59,13.66,0.004105,6.2294,0.060649,0.087549,1.74622,2.0,87.311,94.136,45,26,97,78.0
B0018,20,2008-07-12T11:15:36,24.0,3312.84,4.191,3.2829,2.3587,4.191,3.5327,1.8323,-1.9002,-2.0113,0.0036,22.78,34.67,22.78,36.54,30.24,13.76,0.004154,6.2157,0.062195,0.08571,1.73766,2.0,86.883,93.674,45,25,97,77.0
B0018,21,2008-07-12T15:13:28,24.0,3302.03,4.1907,3.3144,2.4458,4.1907,3.5333,1.7449,-1.8937,-2.0123,0.0031,22.58,34.32,22.58,36.37,30.1,13.79,0.004176,6.1736,0.062195,0.08571,1.73152,2.0,86.576,93.343,45,24,97,76.0
B0018,22,2008-07-12T18:52:45,24.0,3305.55,4.1859,3.3371,2.3809,4.1859,3.5274,1.805,-1.874,-2.0124,0.0027,22.71,34.05,22.71,36.53,30.25,13.81,0.004178,6.1074,0.062195,0.08571,1.70859,2.0,85.43,92.107,45,23,97,75.0
B0018,23,2008-07-12T22:50:29,24.0,3289.56,4.1878,3.3454,2.437,4.1881,3.5296,1.7508,-1.8792,-2.0123,0.0029,22.66,34.14,22.66,36.48,30.21,13.81,0.004199,6.0976,0.062195,0.08571,1.71147,2.0,85.573,92.262,45,22,97,74.0
B0018,24,2008-07-13T03:19:05,24.0,3283.8,4.1882,3.3565,2.4671,4.1883,3.529,1.721,-1.8781,-2.0123,0.0038,22.51,34.04,22.51,36.38,30.13,13.87,0.004223,6.0819,0.061065,0.088485,1.7075,2.0,85.375,92.048,45,21,97,73.0
B0018,25,2008-07-14T13:08:20,24.0,3325.24,4.1896,3.2913,2.4129,4.1896,3.5323,1.7767,-1.8994,-2.0125,0.0019,22.62,34.67,22.61,36.64,30.22,14.02,0.004217,6.235,0.059597,0.086841,1.74924,2.0,87.462,94.298,45,20,97,72.0
B0018,26,2008-07-14T17:03:45,24.0,3317.55,4.1902,3.2997,2.3498,4.1902,3.5324,1.8404,-1.8927,-2.013,0.0029,23.43,35.35,23.43,37.38,30.98,13.95,0.004205,6.2013,0.059597,0.086841,1.73277,2.0,86.638,93.411,45,19,97,71.0
B0018,27,2008-07-14T20:57:32,24.0,3311.77,4.1889,3.3438,2.4905,4.1892,3.5363,1.6985,-1.8784,-2.0136,0.0038,23.97,35.22,23.96,37.6,31.42,13.63,0.004116,6.1489,0.059597,0.086841,1.72223,2.0,86.112,92.842,45,18,97,70.0
B0018,28,2008-07-15T00:49:58,24.0,3305.22,4.1894,3.3582,2.4651,4.1896,3.5335,1.7243,-1.8708,-2.0157,0.0038,23.96,35.05,23.96,37.56,31.38,13.6,0.004114,6.1085,0.059597,0.086841,1.71185,2.0,85.592,92.283,45,17,97,69.0
B0018,29,2008-07-15T05:14:47,24.0,3295.45,4.1875,3.3555,2.3631,4.1877,3.527,1.8243,-1.8697,-2.0125,0.0035,23.63,35.0,23.62,37.52,31.17,13.89,0.004214,6.0749,0.062871,0.085006,1.69927,2.0,84.963,91.605,45,16,97,68.0
B0018,30,2008-07-15T09:43:28,24.0,3287.0,4.1895,3.3807,2.4791,4.1902,3.5293,1.7105,-1.8624,-2.0128,0.0016,23.48,34.54,23.48,37.22,30.99,13.73,0.004178,6.0373,0.060951,0.085443,1.69404,2.0,84.702,91.323,45,15,97,67.0
B0018,31,2008-07-15T13:36:47,24.0,3276.92,4.1898,3.3956,2.4919,4.1898,3.5278,1.6979,-1.8548,-2.0133,0.0022,23.47,34.51,23.47,37.33,31.06,13.86,0.004231,5.9922,0.060951,0.085443,1.6819,2.0,84.095,90.668,45,14,97,66.0
B0018,32,2008-07-15T17:29:47,24.0,3268.69,4.1896,3.3913,2.4337,4.1898,3.5257,1.7559,-1.8539,-2.0132,0.0024,23.77,34.91,23.77,37.73,31.37,13.96,0.004271,5.9724,0.060951,0.085443,1.67698,2.0,83.849,90.403,45,13,97,65.0
B0018,33,2008-07-15T21:21:30,24.0,3260.59,4.1878,3.404,2.4425,4.1881,3.5244,1.7453,-1.8457,-2.0132,0.0022,24.0,34.89,24.0,37.85,31.56,13.85,0.004246,5.93,0.060951,0.085443,1.66552,2.0,83.276,89.785,45,12,97,64.0
B0018,34,2008-07-16T01:45:13,24.0,3258.81,4.1863,3.4188,2.4383,4.1864,3.5208,1.748,-1.8383,-2.0141,0.004,23.7,34.53,23.7,37.67,31.32,13.97,0.004288,5.8939,0.06279,0.086111,1.65719,2.0,82.86,89.336,45,11,97,63.0
B0018,35,2008-07-16T06:12:34,24.0,3243.42,4.1901,3.4149,2.4157,4.1902,3.5195,1.7744,-1.8436,-2.0127,0.0031,23.49,34.51,23.49,37.53,31.1,14.04,0.004329,5.8818,0.062054,0.084104,1.64822,2.0,82.411,88.853,45,10,97,62.0
B0018,36,2008-07-16T10:05:40,24.0,3236.51,4.1898,3.416,2.3234,4.19,3.5132,1.8664,-1.837,-2.0131,0.0023,23.32,34.43,23.32,37.59,30.99,14.27,0.004409,5.8407,0.062054,0.084104,1.63877,2.0,81.939,88.343,45,9,97,61.0
B0018,37,2008-07-16T13:57:42,24.0,3230.73,4.1883,3.455,2.4985,4.1883,3.5172,1.6898,-1.8212,-2.014,0.0042,23.25,33.9,23.25,37.36,30.97,14.11,0.004367,5.7814,0.062054,0.084104,1.62765,2.0,81.382,87.744,45,8,97,60.0
B0018,38,2008-07-16T17:51:36,24.0,3222.09,4.1897,3.4363,2.3502,4.1897,3.512,1.8395,-1.827,-2.0127,0.0031,23.49,34.57,23.49,37.9,31.29,14.41,0.004471,5.7783,0.062054,0.084104,1.62215,2.0,81.108,87.447,45,7,97,59.0
B0018,39,2008-07-16T22:13:57,24.0,3220.34,4.1858,3.445,2.3338,4.1862,3.5091,1.8521,-1.8191,-2.0126,0.0062,23.65,34.51,23.65,38.03,31.41,14.38,0.004464,5.745,0.061269,0.087113,1.61401,2.0,80.7,87.008,45,6,97,58.0
B0018,40,2008-07-18T17:28:12,24.0,3250.75,4.189,3.3363,2.3176,4.1896,3.5161,1.8713,-1.8694,-2.0132,0.0027,23.02,34.93,23.02,37.42,30.76,14.41,0.004431,5.9776,0.062706,0.083811,1.67605,2.0,83.803,90.353,45,5,97,57.0
B0018,41,2008-07-18T21:19:44,24.0,3239.34,4.1866,3.4069,2.4924,4.1866,3.519,1.6942,-1.8398,-2.0122,0.0036,23.38,34.21,23.38,37.33,30.98,13.94,0.004304,5.8639,0.062706,0.083811,1.6493,2.0,82.465,88.911,45,4,97,56.0
B0018,42,2008-07-19T01:10:07,24.0,3222.25,4.1893,3.4085,2.3728,4.1894,3.5124,1.8165,-1.838,-2.0128,0.0076,23.15,34.2,23.14,37.31,30.8,14.16,0.004393,5.8165,0.062706,0.083811,1.63238,2.0,81.619,87.999,45,3,97,55.0
B0018,43,2008-07-19T05:01:04,24.0,3206.16,4.1883,3.4246,2.3561,4.1886,3.5082,1.8322,-1.8296,-2.0129,0.0077,22.89,33.94,22.88,37.23,30.62,14.35,0.004475,5.7526,0.062706,0.083811,1.61642,2.0,80.821,87.138,45,2,97,54.0
B0018,44,2008-07-19T09:25:29,24.0,3197.97,4.1886,3.451,2.4644,4.1888,3.5086,1.7242,-1.8211,-2.0136,0.0029,22.57,33.48,22.57,36.95,30.4,14.38,0.004497,5.7084,0.06023,0.087785,1.6109,2.0,80.545,86.841,45,1,97,53.0
B0018,45,2008-07-19T13:53:00,24.0,3181.62,4.1885,3.4471,2.4195,4.1886,3.5052,1.769,-1.8199,-2.013,0.0029,22.55,33.53,22.55,37.0,30.38,14.45,0.004542,5.6719,0.061802,0.085163,1.59546,2.0,79.773,86.009,45,0,97,52.0
B0018,46,2008-07-29T18:34:27,24.0,3302.36,4.1884,3.1533,2.3422,4.1885,3.5232,1.8461,-1.8951,-2.0233,0.0074,23.13,34.64,23.13,36.71,30.58,13.59,0.004114,6.1729,0.061802,0.085163,1.72671,2.0,86.335,93.084,45,0,97,51.0
B0018,47,2008-07-29T22:21:53,24.0,3285.81,4.1894,3.221,2.3755,4.1896,3.5273,1.8139,-1.8868,-2.0127,0.0033,23.41,34.52,23.41,36.73,30.71,13.32,0.004054,6.121,0.061802,0.085163,1.71657,2.0,85.828,92.537,45,0,97,50.0
B0018,48,2008-07-30T02:09:48,24.0,3260.02,4.1896,3.2795,2.4146,4.1896,3.5268,1.775,-1.8787,-2.0116,0.0043,23.28,34.4,23.27,36.73,30.63,13.45,0.004126,6.0434,0.061802,0.085163,1.69582,2.0,84.791,91.419,45,0,97,49.0
B0018,49,2008-07-30T05:57:02,24.0,3240.03,4.1892,3.3129,2.3845,4.1894,3.523,1.8048,-1.8705,-2.0126,0.0042,23.2,34.34,23.2,36.79,30.6,13.58,0.004192,5.9733,0.061802,0.085163,1.67778,2.0,83.889,90.446,45,0,97,48.0
B0018,50,2008-07-30T09:52:21,24.0,3232.26,4.1872,3.3472,2.3986,4.1876,3.5198,1.7886,-1.8563,-2.0134,0.0024,23.12,34.03,23.12,36.76,30.53,13.63,0.004218,5.9081,0.061802,0.085163,1.66066,2.0,83.033,89.523,45,0,97,47.0
B0018,51,2008-07-30T19:28:07,24.0,3232.03,4.1887,3.3418,2.4557,4.1888,3.5251,1.733,-1.8625,-2.0131,0.0027,23.77,34.78,23.77,37.35,31.2,13.58,0.004201,5.9364,0.06336,0.086008,1.66641,2.0,83.321,89.833,45,0,97,46.0
B0018,52,2008-07-30T23:16:54,24.0,3209.51,4.1886,3.341,2.3237,4.1892,3.5185,1.8649,-1.8607,-2.0126,0.0039,23.73,34.91,23.73,37.48,31.17,13.75,0.004283,5.8796,0.06336,0.086008,1.64683,2.0,82.342,88.778,45,0,97,45.0
B0018,53,2008-07-31T02:46:18,24.0,3196.12,4.1858,3.3939,2.4881,4.1868,3.5191,1.6977,-1.8384,-2.0267,0.011,23.56,34.07,23.55,37.13,30.97,13.57,0.004244,5.7823,0.06336,0.086008,1.62576,2.0,81.288,87.642,45,0,97,44.0
B0018,54,2008-07-31T06:15:17,24.0,3172.56,4.1863,3.3794,2.3307,4.1879,3.5114,1.8557,-1.8437,-2.0133,0.0143,23.31,34.33,23.31,37.19,30.82,13.88,0.004375,5.7451,0.06336,0.086008,1.61216,2.0,80.608,86.909,45,0,97,43.0
B0018,55,2008-07-31T10:10:14,24.0,3172.74,4.189,3.4006,2.3894,4.1892,3.5108,1.7996,-1.8363,-2.0187,0.0026,23.14,34.12,23.14,37.18,30.77,14.03,0.004423,5.7206,0.06336,0.086008,1.60574,2.0,80.287,86.562,45,0,97,42.0
B0018,56,2008-08-01T17:46:33,24.0,3238.11,4.191,3.3139,2.4864,4.1913,3.5143,1.7046,-1.8647,-2.0124,0.0041,23.09,34.66,23.08,37.12,30.81,14.02,0.004331,5.9489,0.060884,0.085225,1.67365,2.0,83.682,90.223,45,0,97,41.0
B0018,57,2008-08-01T21:32:12,24.0,3191.06,4.1904,3.3518,2.4674,4.1906,3.5197,1.723,-1.8573,-2.0131,0.003,23.57,34.64,23.57,37.27,31.04,13.7,0.004294,5.8353,0.060884,0.085225,1.64043,2.0,82.022,88.433,45,0,97,40.0
B0018,58,2008-08-02T01:17:09,24.0,3165.83,4.189,3.3676,2.3752,4.1892,3.5124,1.8138,-1.8483,-2.0126,0.0039,23.54,34.63,23.53,37.4,31.04,13.85,0.004376,5.7516,0.060884,0.085225,1.61327,2.0,80.663,86.968,45,0,97,39.0
B0018,59,2008-08-02T05:03:55,24.0,3140.41,4.1859,3.3877,2.3716,4.1859,3.5078,1.8142,-1.8392,-2.015,0.0035,23.39,34.45,23.38,37.38,30.96,13.99,0.004455,5.6687,0.060884,0.085225,1.5921,2.0,79.605,85.827,45,0,97,38.0
B0018,60,2008-08-02T09:26:51,24.0,3131.92,4.1868,3.416,2.464,4.1869,3.5077,1.7228,-1.8303,-2.0207,0.0048,23.17,34.12,23.17,37.25,30.84,14.08,0.004495,5.6237,0.062319,0.085988,1.5866,2.0,79.33,85.531,45,0,97,37.0
B0018,61,2008-08-02T13:55:03,24.0,3121.11,4.1895,3.4215,2.4755,4.1896,3.5075,1.714,-1.8293,-2.0129,0.0016,23.12,34.1,23.12,37.22,30.8,14.1,0.004517,5.6002,0.061909,0.084881,1.58008,2.0,79.004,85.179,45,0,97,36.0
B0018,62,2008-08-02T17:41:59,24.0,3105.26,4.1897,3.4159,2.3792,4.1898,3.5024,1.8105,-1.8278,-2.0135,0.003,23.29,34.39,23.27,37.56,30.98,14.28,0.004597,5.5605,0.061909,0.084881,1.56417,2.0,78.209,84.322,45,0,97,35.0
B0018,63,2008-08-02T21:29:24,24.0,3091.25,4.1889,3.4413,2.4776,4.1889,3.5037,1.7113,-1.8188,-2.013,0.0039,23.28,34.1,23.28,37.42,30.97,14.13,0.004572,5.5069,0.061909,0.084881,1.55562,2.0,77.781,83.861,45,0,97,34.0
B0018,64,2008-08-03T01:16:07,24.0,3076.7,4.1878,3.4404,2.4206,4.1882,3.499,1.7672,-1.8172,-2.0122,0.0037,23.22,34.2,23.22,37.55,30.98,14.33,0.004657,5.469,0.061909,0.084881,1.5402,2.0,77.01,83.03,45,0,97,33.0
B0018,65,2008-08-03T05:39:11,24.0,3062.33,4.1862,3.4457,2.4154,4.1865,3.4954,1.7708,-1.8158,-2.0125,0.0038,23.03,34.25,23.03,37.6,30.9,14.57,0.004758,5.434,0.063288,0.088473,1.53216,2.0,76.608,82.596,45,0,97,32.0
B0018,66,2008-08-03T10:08:42,24.0,3050.56,4.1895,3.4389,2.3974,4.1896,3.4945,1.792,-1.8221,-2.0133,0.0032,23.03,34.27,23.03,37.49,30.82,14.46,0.004739,5.4307,0.062442,0.085531,1.53162,2.0,76.581,82.567,45,0,97,31.0
B0018,67,2008-08-03T13:54:25,24.0,3034.67,4.1893,3.4638,2.4978,4.1893,3.4963,1.6915,-1.813,-2.0128,0.0042,22.9,33.94,22.9,37.38,30.73,14.48,0.00477,5.3743,0.062442,0.085531,1.52226,2.0,76.113,82.062,45,0,97,30.0
B0018,68,2008-08-03T17:42:28,24.0,3031.25,4.1866,3.4608,2.3726,4.1868,3.4877,1.8139,-1.8045,-2.0119,0.0041,22.83,33.95,22.83,37.56,30.77,14.73,0.004858,5.3316,0.062442,0.085531,1.50653,2.0,75.326,81.214,45,0,97,29.0
B0018,69,2008-08-03T21:26:49,24.0,3011.34,4.1882,3.4579,2.3684,4.1886,3.4865,1.8198,-1.81,-2.0125,0.0038,22.87,34.14,22.86,37.62,30.78,14.75,0.004898,5.3117,0.062442,0.085531,1.50142,2.0,75.071,80.939,45,0,97,28.0
B0018,70,2008-08-04T01:48:42,24.0,3003.0,4.1863,3.4586,2.332,4.1863,3.4823,1.8543,-1.809,-2.0122,0.0034,22.74,34.21,22.74,37.71,30.76,14.97,0.004984,5.287,0.062725,0.090046,1.49635,2.0,74.818,80.666,45,0,97,27.0
B0018,71,2008-08-04T17:08:25,24.0,3045.19,4.1874,3.4143,2.4058,4.1874,3.4918,1.7816,-1.8274,-2.0205,0.011,23.01,34.7,23.01,37.77,30.91,14.76,0.004846,5.4353,0.063197,0.087201,1.53343,2.0,76.671,82.664,45,0,97,26.0
B0018,72,2008-08-04T20:55:13,24.0,3028.47,4.1887,3.4413,2.4721,4.1889,3.494,1.7167,-1.818,-2.0132,0.0022,23.37,34.65,23.37,37.92,31.23,14.55,0.004803,5.3795,0.063197,0.087201,1.52385,2.0,76.192,82.148,45,0,97,25.0
B0018,73,2008-08-05T00:41:24,24.0,3012.94,4.1851,3.4435,2.3427,4.1853,3.4844,1.8423,-1.8085,-2.0135,0.0044,23.44,34.5,23.43,37.99,31.26,14.55,0.00483,5.3102,0.063197,0.087201,1.50119,2.0,75.06,80.927,45,0,97,24.0
B0018,74,2008-08-05T04:27:50,24.0,2998.88,4.1876,3.4599,2.4199,4.188,3.4859,1.7678,-1.8068,-2.0123,0.0018,23.3,34.47,23.29,37.98,31.18,14.69,0.004898,5.2795,0.063197,0.087201,1.49242,2.0,74.621,80.454,45,0,97,23.0
B0018,75,2008-08-05T08:23:48,24.0,2983.55,4.1879,3.4683,2.4389,4.1879,3.4843,1.749,-1.805,-2.013,0.0032,23.1,34.29,23.1,37.83,31.0,14.73,0.004937,5.2435,0.063197,0.087201,1.48332,2.0,74.166,79.963,45,0,97,22.0
B0018,76,2008-08-05T12:50:42,24.0,2966.86,4.1879,3.4612,2.4305,4.1883,3.483,1.7575,-1.8119,-2.013,0.0033,23.05,34.44,23.04,37.84,30.98,14.8,0.004988,5.2329,0.063329,0.08798,1.48074,2.0,74.037,79.824,45,0,97,21.0
B0018,77,2008-08-05T16:36:12,24.0,2954.8,4.1872,3.478,2.4907,4.1874,3.4838,1.6965,-1.8022,-2.0127,0.0039,23.12,34.35,23.11,37.9,31.09,14.78,0.005003,5.1835,0.063329,0.08798,1.47351,2.0,73.675,79.434,45,0,97,20.0
B0018,78,2008-08-05T20:21:46,24.0,2945.74,4.1883,3.4601,2.3678,4.1887,3.4788,1.8204,-1.8093,-2.0134,0.0023,23.42,34.85,23.42,38.28,31.34,14.85,0.005042,5.1829,0.063329,0.08798,1.46802,2.0,73.401,79.138,45,0,97,19.0
B0018,79,2008-08-06T00:06:53,24.0,2941.38,4.188,3.4705,2.3533,4.1882,3.4752,1.8347,-1.8,-2.0132,0.0036,23.21,34.63,23.21,38.24,31.23,15.03,0.005111,5.1421,0.063329,0.08798,1.45809,2.0,72.905,78.603,45,0,97,18.0
B0018,80,2008-08-06T04:27:52,24.0,2923.95,4.1844,3.4766,2.3629,4.1845,3.4707,1.8215,-1.7981,-2.0143,0.0048,22.94,34.42,22.93,38.07,31.04,15.13,0.005175,5.0989,0.064383,0.091081,1.44787,2.0,72.393,78.052,45,0,97,17.0
B0018,81,2008-08-06T08:55:24,24.0,2921.03,4.1928,3.4758,2.4202,4.1928,3.4746,1.7726,-1.8058,-2.0132,0.003,22.72,34.33,22.72,37.82,30.81,15.1,0.00517,5.1207,0.063226,0.08763,1.45278,2.0,72.639,78.317,45,0,97,16.0
B0018,82,2008-08-06T12:40:42,24.0,2902.75,4.1878,3.49,2.4726,4.1879,3.4741,1.7152,-1.796,-2.0139,0.0019,22.82,34.23,22.82,37.9,30.93,15.09,0.005197,5.0587,0.063226,0.08763,1.44254,2.0,72.127,77.765,45,0,97,15.0
B0018,83,2008-08-06T16:25:32,24.0,2897.88,4.1878,3.4918,2.4832,4.1881,3.4751,1.7046,-1.7951,-2.0133,0.0014,23.16,34.49,23.14,38.17,31.22,15.01,0.00518,5.049,0.063226,0.08763,1.43927,2.0,71.964,77.589,45,0,97,14.0
B0018,84,2008-08-06T20:09:11,24.0,2892.09,4.1879,3.487,2.4342,4.1881,3.4724,1.7537,-1.794,-2.0132,0.003,23.37,34.69,23.37,38.37,31.4,15.0,0.005185,5.0331,0.063226,0.08763,1.42865,2.0,71.432,77.016,45,0,97,13.0
B0018,85,2008-08-07T00:27:39,24.0,2886.92,4.1858,3.5046,2.4979,4.1859,3.4718,1.688,-1.7842,-2.0125,0.0025,23.11,34.32,23.11,38.2,31.26,15.09,0.005226,4.9922,0.06276,0.092249,1.4249,2.0,71.245,76.814,45,0,97,12.0
B0018,86,2008-08-07T19:05:53,24.0,2942.53,4.1871,3.4303,2.3747,4.1873,3.4745,1.8123,-1.8136,-2.0135,0.0031,23.12,34.81,23.11,38.1,31.13,14.98,0.005092,5.1864,0.063064,0.088788,1.46981,2.0,73.491,79.235,45,0,97,11.0
B0018,87,2008-08-07T22:50:51,24.0,2912.47,4.1876,3.4406,2.3589,4.1877,3.4717,1.8286,-1.811,-2.0149,0.0025,23.27,34.89,23.26,38.21,31.25,14.95,0.005133,5.1212,0.063064,0.088788,1.45258,2.0,72.629,78.306,45,0,97,10.0
B0018,88,2008-08-08T02:32:53,24.0,2895.59,4.1874,3.4678,2.4413,4.1878,3.4714,1.746,-1.8008,-2.0126,0.0016,23.03,34.43,23.03,37.94,31.03,14.91,0.00515,5.0592,0.063064,0.088788,1.44283,2.0,72.142,77.781,45,0,97,9.0
B0018,89,2008-08-08T06:16:47,24.0,2884.41,4.187,3.4637,2.3114,4.1872,3.4626,1.8756,-1.7986,-2.0121,0.0024,22.79,34.49,22.79,38.07,30.93,15.28,0.005297,5.0214,0.063064,0.088788,1.42838,2.0,71.419,77.001,45,0,97,8.0
B0018,90,2008-08-08T10:14:50,24.0,2873.77,4.1833,3.5017,2.4953,4.1833,3.4661,1.688,-1.7804,-2.0118,0.0039,22.48,33.66,22.48,37.63,30.67,15.15,0.005273,4.9516,0.063064,0.088788,1.41545,2.0,70.773,76.305,45,0,97,7.0
B0018,91,2008-08-08T20:10:08,24.0,2893.38,4.1921,3.4459,2.4398,4.1922,3.4731,1.7522,-1.8167,-2.0147,0.0032,23.15,35.02,23.15,38.18,31.23,15.03,0.005194,5.1041,0.065431,0.088426,1.45458,2.0,72.729,78.414,45,0,97,6.0
B0018,92,2008-08-08T23:54:01,24.0,2884.98,4.1865,3.4602,2.3765,4.1866,3.4669,1.8099,-1.7981,-2.0136,0.0023,23.3,34.83,23.3,38.39,31.39,15.09,0.005231,5.0284,0.065431,0.088426,1.42832,2.0,71.416,76.998,45,0,97,5.0
B0018,93,2008-08-09T03:37:06,24.0,2870.23,4.1867,3.4654,2.3722,4.1869,3.4653,1.8145,-1.7964,-2.0143,0.0027,23.44,34.93,23.44,38.52,31.51,15.08,0.005253,4.9957,0.065431,0.088426,1.4197,2.0,70.985,76.534,45,0,97,4.0
B0018,94,2008-08-09T07:19:59,24.0,2864.11,4.1871,3.4696,2.3615,4.1874,3.4639,1.8256,-1.7954,-2.0138,0.0025,23.52,34.95,23.52,38.57,31.55,15.04,0.005252,4.9791,0.065431,0.088426,1.41556,2.0,70.778,76.31,45,0,97,3.0
B0018,95,2008-08-09T11:36:57,24.0,2846.64,4.1842,3.4709,2.3179,4.1846,3.4578,1.8663,-1.7937,-2.014,0.0037,23.18,34.9,23.17,38.56,31.39,15.39,0.005405,4.9352,0.064035,0.091642,1.40568,2.0,70.284,75.778,45,0,97,2.0
B0018,96,2008-08-09T15:59:02,24.0,2839.53,4.1862,3.4637,2.3373,4.1867,3.4598,1.8489,-1.8015,-2.0131,0.0022,23.29,35.04,23.28,38.54,31.39,15.25,0.00537,4.9479,0.064317,0.086807,1.40845,2.0,70.422,75.927,45,0,97,1.0
B0018,97,2008-08-09T19:41:13,24.0,2832.7,4.187,3.476,2.3529,4.1872,3.458,1.8342,-1.7915,-2.0147,0.004,23.26,34.87,23.24,38.55,31.42,15.29,0.005398,4.9042,0.064317,0.086807,1.39685,2.0,69.843,75.302,45,0,97,0.0
B0018,98,2008-08-09T23:22:00,24.0,2827.08,4.1867,3.496,2.4646,4.1871,3.4614,1.7221,-1.7817,-2.0139,0.0035,23.26,34.6,23.26,38.46,31.44,15.2,0.005377,4.8702,0.064317,0.086807,1.39357,2.0,69.678,75.125,45,0,97,0.0
B0018,99,2008-08-10T03:01:08,24.0,2821.53,4.1871,3.4985,2.4685,4.1874,3.4611,1.7187,-1.7797,-2.013,0.0019,23.42,34.65,23.41,38.54,31.54,15.13,0.005361,4.8552,0.064317,0.086807,1.38936,2.0,69.468,74.898,45,0,97,0.0
B0018,100,2008-08-10T07:19:08,24.0,2805.16,4.1852,3.4901,2.4093,4.1853,3.4556,1.7759,-1.7857,-2.013,0.0036,23.25,34.89,23.25,38.65,31.53,15.4,0.005489,4.8357,0.065464,0.0925,1.37857,2.0,68.928,74.316,45,0,97,0.0
B0018,101,2008-08-10T11:39:39,24.0,2814.91,4.1865,3.5003,2.4776,4.1866,3.4596,1.7089,-1.7784,-2.0124,0.0025,23.28,34.53,23.27,38.46,31.44,15.18,0.005393,4.8367,0.065453,0.088841,1.3849,2.0,69.245,74.658,45,0,97,0.0
B0018,102,2008-08-10T15:21:25,24.0,2801.16,4.1846,3.4884,2.3356,4.1847,3.4507,1.8489,-1.7778,-2.0142,0.0023,23.18,34.72,23.18,38.66,31.48,15.47,0.005524,4.801,0.065453,0.088841,1.37033,2.0,68.516,73.872,45,0,97,0.0
B0018,103,2008-08-10T19:01:07,24.0,2794.19,4.1871,3.4997,2.442,4.1872,3.4555,1.7451,-1.7764,-2.0145,0.0027,23.35,34.72,23.35,38.66,31.58,15.31,0.005479,4.7911,0.065453,0.088841,1.37335,2.0,68.667,74.035,45,0,97,0.0
B0018,104,2008-08-10T22:40:10,24.0,2785.39,4.1861,3.5035,2.4652,4.1861,3.4558,1.7209,-1.7753,-2.0133,0.0035,23.45,34.78,23.43,38.7,31.65,15.25,0.005476,4.7719,0.065453,0.088841,1.36795,2.0,68.397,73.744,45,0,97,0.0
B0018,105,2008-08-11T02:53:19,24.0,2779.5,4.1835,3.4965,2.3709,4.1835,3.4487,1.8126,-1.7742,-2.0134,0.0078,23.3,34.89,23.3,38.87,31.66,15.58,0.005604,4.7498,0.066057,0.090244,1.35671,2.0,67.836,73.138,45,0,97,0.0
B0018,106,2008-08-14T13:04:49,24.0,2899.23,4.1871,3.4124,2.4619,4.1871,3.4745,1.7252,-1.8197,-2.0128,0.0026,22.46,34.3,22.46,37.36,30.43,14.91,0.005142,5.1303,0.065509,0.089572,1.46043,2.0,73.022,78.729,45,0,97,0.0
B0018,107,2008-08-14T16:49:56,24.0,2894.92,4.1873,3.4185,2.4247,4.1874,3.474,1.7626,-1.8097,-2.02,0.0091,23.07,34.62,23.06,37.88,31.02,14.81,0.005117,5.0951,0.065509,0.089572,1.4501,2.0,72.505,78.172,45,0,97,0.0
B0018,108,2008-08-14T20:29:23,24.0,2888.25,4.1871,3.4351,2.4447,4.1876,3.4744,1.7424,-1.7993,-2.0134,0.0038,23.48,34.69,23.48,38.16,31.39,14.67,0.005081,5.0535,0.065509,0.089572,1.43814,2.0,71.907,77.528,45,0,97,0.0
B0018,109,2008-08-15T00:08:59,24.0,2873.91,4.1873,3.4447,2.4436,4.1876,3.4718,1.7437,-1.7959,-2.0146,0.0043,23.34,34.55,23.34,38.05,31.25,14.71,0.005118,5.0164,0.065509,0.089572,1.42837,2.0,71.418,77.001,45,0,97,0.0
B0018,110,2008-08-15T03:59:10,24.0,2847.41,4.1858,3.4584,2.4666,4.1862,3.4685,1.7192,-1.7956,-2.0125,0.0041,23.07,34.38,23.05,37.89,31.05,14.82,0.005206,4.9596,0.065509,0.089572,1.41479,2.0,70.739,76.269,45,0,97,0.0
B0018,111,2008-08-15T08:19:52,24.0,2849.28,4.1869,3.4576,2.4273,4.187,3.4651,1.7596,-1.793,-2.0132,0.0047,22.88,34.25,22.88,37.81,30.89,14.93,0.00524,4.9541,0.066025,0.089397,1.41389,2.0,70.694,76.22,45,0,97,0.0
B0018,112,2008-08-15T12:00:03,24.0,2833.69,4.1851,3.4738,2.4763,4.1854,3.4653,1.7088,-1.7845,-2.013,0.0013,22.94,34.22,22.93,37.96,31.05,15.02,0.005301,4.8989,0.066025,0.089397,1.39893,2.0,69.947,75.414,45,0,97,0.0
B0018,113,2008-08-15T15:37:16,24.0,2826.45,4.1858,3.4535,2.3608,4.1863,3.4618,1.825,-1.7936,-2.0189,0.0026,23.44,34.99,23.44,38.52,31.49,15.08,0.005336,4.9105,0.066025,0.089397,1.39533,2.0,69.767,75.22,45,0,97,0.0
B0018,114,2008-08-15T19:13:34,24.0,2818.31,4.1871,3.4552,2.377,4.1872,3.4633,1.81,-1.7921,-2.0128,0.0078,23.9,35.35,23.89,38.88,31.94,14.98,0.005314,4.894,0.066025,0.089397,1.39005,2.0,69.502,74.935,45,0,97,0.0
B0018,115,2008-08-15T23:27:04,24.0,2812.72,4.1853,3.4793,2.4568,4.1854,3.4628,1.7285,-1.781,-2.013,0.0028,23.64,34.89,23.64,38.65,31.75,15.01,0.005338,4.8502,0.065289,0.091392,1.38603,2.0,69.301,74.718,45,0,97,0.0
B0018,116,2008-08-16T03:52:55,24.0,2803.5,4.1928,3.4551,2.3277,4.1931,3.4569,1.8651,-1.799,-2.0122,0.0024,23.14,34.99,23.13,38.43,31.31,15.3,0.005456,4.8772,0.062973,0.087911,1.38822,2.0,69.411,74.836,45,0,97,0.0
B0018,117,2008-08-16T07:37:37,24.0,2783.25,4.1859,3.481,2.4538,4.1862,3.4575,1.7321,-1.7873,-2.0121,0.0032,23.04,34.47,23.03,38.1,31.13,15.07,0.005414,4.8068,0.062973,0.087911,1.37618,2.0,68.809,74.188,45,0,97,0.0
B0018,118,2008-08-16T11:21:22,24.0,2776.39,4.1853,3.4746,2.3476,4.186,3.4502,1.8378,-1.7862,-2.0123,0.0039,22.84,34.45,22.83,38.13,30.99,15.29,0.005508,4.7837,0.062973,0.087911,1.36472,2.0,68.236,73.569,45,0,97,0.0
B0018,119,2008-08-16T15:02:56,24.0,2766.52,4.1862,3.4785,2.3558,4.1868,3.4487,1.8304,-1.785,-2.0132,0.0021,22.68,34.35,22.68,38.04,30.9,15.36,0.005551,4.7614,0.062973,0.087911,1.35899,2.0,67.949,73.26,45,0,97,0.0
B0018,120,2008-08-16T19:15:49,24.0,2751.52,4.1831,3.488,2.3791,4.1832,3.4446,1.804,-1.7783,-2.0133,0.0029,22.35,34.05,22.35,37.86,30.71,15.5,0.005635,4.7112,0.065169,0.095707,1.34623,2.0,67.312,72.573,45,0,97,0.0
B0018,121,2008-08-18T14:27:16,24.0,2848.86,4.1918,3.428,2.4447,4.192,3.4673,1.7471,-1.8098,-2.014,0.0032,22.37,34.2,22.37,37.43,30.47,15.06,0.005287,5.0026,0.063739,0.091152,1.42684,2.0,71.342,76.919,45,0,97,0.0
B0018,122,2008-08-18T18:08:54,24.0,2840.02,4.1855,3.444,2.4319,4.1856,3.4645,1.7536,-1.7897,-2.0124,0.002,22.91,34.24,22.9,37.83,30.94,14.92,0.005253,4.9283,0.063739,0.091152,1.40645,2.0,70.322,75.819,45,0,97,0.0
B0018,123,2008-08-18T21:48:48,24.0,2817.38,4.1868,3.4346,2.344,4.1868,3.4597,1.8428,-1.797,-2.0124,0.0033,23.12,34.63,23.11,38.08,31.11,14.97,0.005312,4.9037,0.063739,0.091152,1.39349,2.0,69.675,75.121,45,0,97,0.0
B0018,124,2008-08-19T01:25:43,24.0,2809.23,4.1859,3.4631,2.4564,4.1866,3.4622,1.7295,-1.7862,-2.0132,0.0033,23.04,34.25,23.04,37.88,31.04,14.84,0.005282,4.8591,0.063739,0.091152,1.38825,2.0,69.412,74.838,45,0,97,0.0
B0018,125,2008-08-19T05:17:05,24.0,2791.19,4.1838,3.4638,2.3955,4.1839,3.4556,1.7882,-1.7842,-2.0123,0.004,22.83,34.28,22.83,37.96,30.97,15.13,0.005419,4.8135,0.063739,0.091152,1.37019,2.0,68.509,73.864,45,0,97,0.0
B0018,126,2008-08-19T09:39:42,24.0,2794.02,4.1847,3.4731,2.4537,4.1853,3.4587,1.731,-1.7845,-2.0152,0.003,22.85,34.2,22.84,37.88,30.94,15.03,0.00538,4.8228,0.065219,0.090349,1.3797,2.0,68.985,74.377,45,0,97,0.0
B0018,127,2008-08-19T13:17:33,24.0,2774.72,4.1847,3.4495,2.3063,4.1853,3.4525,1.8784,-1.7921,-2.0142,0.0116,23.18,34.92,23.18,38.43,31.3,15.25,0.005498,4.8054,0.065219,0.090349,1.36866,2.0,68.433,73.782,45,0,97,0.0
B0018,128,2008-08-19T16:54:51,24.0,2777.84,4.1862,3.4593,2.3471,4.1863,3.4552,1.8391,-1.7828,-2.0128,0.0018,23.72,35.17,23.72,38.85,31.82,15.13,0.005446,4.7893,0.065219,0.090349,1.36274,2.0,68.137,73.463,45,0,97,0.0
B0018,129,2008-08-19T20:32:20,24.0,2781.12,4.1846,3.4843,2.4884,4.1854,3.462,1.6962,-1.7725,-2.0144,0.0048,24.05,34.92,24.04,38.8,32.0,14.75,0.005305,4.7707,0.065219,0.090349,1.36341,2.0,68.17,73.499,45,0,97,0.0
B0018,130,2008-08-20T00:43:05,24.0,2760.91,4.1814,3.4815,2.3992,4.1814,3.4522,1.7822,-1.7699,-2.0128,0.0042,23.56,34.81,23.56,38.73,31.74,15.16,0.005492,4.7175,0.065905,0.09201,1.35186,2.0,67.593,72.877,45,0,97,0.0
B0018,131,2008-08-20T05:02:00,24.0,2753.25,4.1848,3.4577,2.2786,4.1853,3.4477,1.9062,-1.7885,-2.0119,0.0034,23.4,35.08,23.4,38.67,31.53,15.27,0.005546,4.7504,0.066069,0.088959,1.3548,2.0,67.74,73.035,45,0,97,0.0
B0018,132,2008-08-20T08:37:19,24.0,2742.84,4.1854,3.4773,2.3656,4.1858,3.4479,1.8198,-1.7777,-2.0129,0.0031,23.12,34.58,23.12,38.37,31.28,15.25,0.005559,4.7005,0.066069,0.088959,1.34105,2.0,67.053,72.294,45,0,97,0.0
