DURATION_S,V_START,V_END,V_MIN,V_MAX,V_MEAN,V_DROP,VOLTAGE_SLOPE,V_STD,V_SKEW,I_MEAN,I_MIN,I_MAX,T_START,T_END,T_MIN,T_MAX,T_MEAN,TEMP_RISE,TEMP_RISE_RATE,TEMP_STD,DC_IR,ENERGY_WH,Target_SoH,Target_RUL
13441.61,12.568,9.446,9.359,12.568,11.007,3.122,0.000232,0.88,0.15,0.765,0.662,0.949,22.6,26.7,22.6,26.7,24.7,4.1,0.000305,1.045,0.0447,39.92,99.93,800
13710.97,12.57,9.17,9.077,12.57,10.87,3.4,0.000248,1.041,0.307,0.725,0.591,1.016,22.7,26.3,22.7,26.8,24.5,4.06,0.000296,1.23,0.0478,40.05,100.07,799
13591.48,12.562,9.431,9.32,12.562,10.996,3.131,0.00023,0.893,-0.399,0.774,0.669,1.015,22.6,26.5,22.6,26.5,24.5,3.98,0.000293,0.778,0.0441,38.98,98.59,798
11706.61,12.594,9.324,9.211,12.594,10.959,3.27,0.000279,1.056,0.057,0.755,0.582,0.889,22.8,26.7,22.8,27.2,24.7,4.46,0.000381,1.185,0.044,39.58,99.54,797
11968.63,12.527,9.105,8.977,12.527,10.816,3.421,0.000286,0.984,-0.235,0.743,0.611,1.018,22.2,25.4,22.2,25.8,23.8,3.6,0.000301,0.747,0.0427,40.13,100.28,796
12162.98,12.522,9.499,9.39,12.522,11.01,3.023,0.000249,0.969,-0.436,0.676,0.571,0.794,23.0,27.1,23.0,27.5,25.1,4.42,0.000363,0.882,0.0452,38.83,99.39,795
10875.32,12.572,9.341,9.231,12.572,10.956,3.231,0.000297,1.182,0.376,0.712,0.548,0.865,22.9,26.8,22.9,27.1,24.9,4.16,0.000383,0.763,0.0458,41.1,100.31,794
11795.59,12.564,9.304,9.213,12.564,10.934,3.259,0.000276,0.93,-0.481,0.677,0.523,0.93,22.6,25.6,22.6,25.6,24.1,3.0,0.000254,1.429,0.046,40.6,99.34,793
14000.32,12.595,9.043,8.937,12.595,10.819,3.552,0.000254,1.02,-0.235,0.746,0.57,0.86,22.5,25.9,22.5,26.1,24.2,3.6,0.000257,1.372,0.0436,40.05,100.28,792
11437.08,12.531,9.498,9.381,12.531,11.014,3.034,0.000265,1.035,-0.27,0.71,0.558,0.898,22.8,26.6,22.8,26.8,24.7,4.05,0.000354,0.72,0.047,38.91,99.24,791
13913.73,12.507,9.119,9.001,12.507,10.813,3.388,0.000244,1.114,0.307,0.838,0.724,0.98,23.1,26.5,23.1,26.7,24.8,3.63,0.000261,0.69,0.0477,40.2,100.14,790
13409.31,12.567,9.492,9.402,12.567,11.03,3.075,0.000229,0.979,-0.078,0.756,0.622,0.936,22.7,26.1,22.7,26.2,24.4,3.47,0.000259,0.779,0.0479,39.46,99.89,789
12704.66,12.505,9.5,9.37,12.505,11.002,3.005,0.000237,0.885,-0.099,0.765,0.572,1.059,22.7,26.1,22.7,26.4,24.4,3.68,0.000289,0.559,0.0513,38.83,99.4,788
12226.27,12.542,9.479,9.342,12.542,11.01,3.064,0.000251,1.032,0.042,0.817,0.645,1.028,22.7,26.8,22.7,27.3,24.8,4.53,0.00037,1.248,0.051,39.24,98.3,787
11357.68,12.596,9.04,8.946,12.596,10.818,3.556,0.000313,0.898,0.095,0.728,0.561,0.947,22.5,26.5,22.5,26.9,24.5,4.41,0.000388,1.119,0.048,38.99,99.92,786
11382.09,12.572,9.119,9.014,12.572,10.845,3.452,0.000303,0.983,0.498,0.713,0.583,0.948,22.2,26.7,22.2,26.7,24.4,4.52,0.000398,1.496,0.0485,38.31,98.67,785
13902.68,12.588,9.185,9.092,12.588,10.886,3.403,0.000245,0.803,0.317,0.846,0.675,1.113,21.4,24.2,21.4,24.5,22.8,3.11,0.000224,0.799,0.048,39.69,99.51,784
11021.79,12.555,9.136,9.024,12.555,10.846,3.419,0.00031,1.162,0.346,0.749,0.628,0.992,22.2,25.7,22.2,25.9,24.0,3.71,0.000336,0.592,0.0435,39.58,98.54,783
12929.03,12.526,9.371,9.258,12.526,10.948,3.156,0.000244,1.018,0.335,0.732,0.631,0.917,23.4,27.7,23.4,28.1,25.5,4.69,0.000363,1.083,0.0484,40.36,98.74,782
13557.53,12.586,9.449,9.353,12.586,11.018,3.137,0.000231,1.048,-0.345,0.83,0.72,0.98,22.7,25.5,22.7,25.7,24.1,2.97,0.000219,1.43,0.0487,39.3,99.21,781
10878.51,12.574,9.166,9.038,12.574,10.87,3.408,0.000313,0.843,0.372,0.634,0.448,0.895,22.6,26.1,22.6,26.5,24.4,3.83,0.000352,1.359,0.0439,40.35,99.9,780
13541.46,12.523,9.012,8.914,12.523,10.767,3.511,0.000259,0.96,0.481,0.741,0.554,0.906,22.9,26.6,22.9,26.9,24.8,4.05,0.000299,1.036,0.0518,39.23,99.11,779
14140.98,12.527,9.054,8.947,12.527,10.79,3.472,0.000246,1.031,-0.245,0.724,0.593,0.97,22.0,25.5,22.0,25.7,23.8,3.65,0.000258,1.209,0.0479,39.96,99.13,778
13469.63,12.567,9.182,9.093,12.567,10.875,3.385,0.000251,0.92,-0.191,0.711,0.578,0.944,22.1,26.9,22.1,27.2,24.5,5.1,0.000378,0.908,0.0485,39.22,99.99,777
13966.52,12.568,9.451,9.334,12.568,11.01,3.116,0.000223,1.032,0.155,0.767,0.613,0.928,22.9,26.8,22.9,27.0,24.8,4.08,0.000292,0.965,0.0496,39.75,98.46,776
13450.58,12.517,9.042,8.931,12.517,10.78,3.475,0.000258,0.89,-0.301,0.748,0.615,0.975,22.8,26.0,22.8,26.3,24.4,3.45,0.000257,0.524,0.0492,38.31,98.43,775
12134.45,12.563,9.097,8.975,12.563,10.83,3.466,0.000286,1.108,-0.393,0.714,0.59,0.913,22.5,26.3,22.5,26.7,24.4,4.22,0.000348,0.925,0.0512,39.6,98.72,774
11605.32,12.585,9.228,9.099,12.585,10.907,3.357,0.000289,1.045,0.219,0.728,0.529,0.962,21.5,24.7,21.5,25.1,23.1,3.66,0.000315,1.005,0.0535,39.53,99.22,773
12371.92,12.526,9.124,9.007,12.526,10.825,3.402,0.000275,0.914,-0.228,0.68,0.528,0.934,22.2,25.9,22.2,25.9,24.0,3.67,0.000297,0.82,0.047,40.22,98.91,772
13114.37,12.506,9.204,9.091,12.506,10.855,3.303,0.000252,1.078,0.357,0.806,0.686,0.99,21.5,26.0,21.5,26.3,23.8,4.75,0.000362,1.266,0.0491,39.4,98.29,771
13658.82,12.595,9.21,9.086,12.595,10.902,3.386,0.000248,0.812,-0.164,0.797,0.637,1.006,22.6,26.9,22.6,27.1,24.7,4.51,0.00033,1.179,0.0496,38.88,98.46,770
12805.71,12.503,9.197,9.082,12.503,10.85,3.306,0.000258,0.952,-0.288,0.735,0.571,0.841,22.9,27.3,22.9,27.3,25.1,4.41,0.000344,0.827,0.0503,39.03,98.2,769
11524.88,12.508,9.01,8.898,12.508,10.759,3.498,0.000304,1.102,0.45,0.636,0.501,0.936,22.0,25.3,22.0,25.6,23.6,3.6,0.000312,0.699,0.0479,39.39,98.43,768
12655.18,12.522,9.35,9.225,12.522,10.936,3.172,0.000251,1.186,-0.392,0.783,0.622,0.917,22.5,26.2,22.5,26.7,24.4,4.16,0.000329,0.526,0.0501,39.98,98.64,767
13108.52,12.508,9.345,9.225,12.508,10.926,3.162,0.000241,1.194,0.283,0.717,0.54,0.837,22.9,26.4,22.9,26.4,24.6,3.52,0.000269,0.847,0.0529,39.69,98.01,766
13555.91,12.582,9.053,8.917,12.582,10.818,3.529,0.00026,1.186,-0.23,0.728,0.545,0.955,22.4,25.9,22.4,26.2,24.1,3.88,0.000286,1.308,0.0511,38.67,97.82,765
11488.74,12.585,9.415,9.325,12.585,11.0,3.17,0.000276,0.811,0.351,0.762,0.638,1.038,21.8,26.0,21.8,26.2,23.9,4.38,0.000381,0.682,0.0499,38.31,97.64,764
13105.85,12.528,9.005,8.868,12.528,10.766,3.523,0.000269,1.058,-0.009,0.817,0.645,0.934,21.7,25.8,21.7,26.1,23.7,4.46,0.00034,1.293,0.054,38.79,98.36,763
12686.67,12.547,9.265,9.157,12.547,10.906,3.282,0.000259,0.848,-0.307,0.69,0.557,0.939,22.4,26.1,22.4,26.2,24.2,3.82,0.000301,0.62,0.0515,39.21,98.4,762
12194.92,12.572,9.488,9.376,12.572,11.03,3.084,0.000253,0.806,0.034,0.762,0.652,0.919,22.6,27.0,22.6,27.1,24.8,4.51,0.00037,0.774,0.0501,39.03,97.22,761
13735.19,12.549,9.436,9.321,12.549,10.993,3.113,0.000227,0.991,0.322,0.705,0.561,0.899,22.6,26.8,22.6,27.3,24.7,4.72,0.000344,0.901,0.0506,39.37,98.63,760
12644.04,12.53,9.497,9.403,12.53,11.014,3.033,0.00024,0.98,-0.057,0.739,0.579,0.992,22.6,26.4,22.6,26.6,24.5,4.03,0.000319,1.36,0.0524,39.7,98.58,759
13238.93,12.595,9.104,9.006,12.595,10.849,3.491,0.000264,0.98,0.094,0.683,0.567,0.915,22.6,26.9,22.6,26.9,24.7,4.31,0.000325,0.791,0.0512,38.83,98.33,758
13001.26,12.592,9.394,9.273,12.592,10.993,3.198,0.000246,1.163,0.327,0.677,0.484,0.91,21.9,26.4,21.9,26.7,24.2,4.75,0.000366,0.571,0.0546,39.02,97.94,757
11604.12,12.512,9.344,9.221,12.512,10.928,3.168,0.000273,0.973,-0.178,0.665,0.515,0.954,22.3,26.5,22.3,26.5,24.4,4.19,0.000361,0.75,0.0531,39.2,98.02,756
14055.5,12.6,9.336,9.233,12.6,10.968,3.264,0.000232,0.873,0.085,0.674,0.498,0.782,21.8,26.1,21.8,26.6,23.9,4.77,0.000339,1.135,0.0545,39.87,98.82,755
12879.73,12.586,9.165,9.042,12.586,10.875,3.421,0.000266,0.926,-0.177,0.767,0.572,0.924,22.7,26.4,22.7,26.6,24.5,3.84,0.000298,1.47,0.0519,38.73,97.48,754
12390.45,12.541,9.094,8.987,12.541,10.818,3.448,0.000278,1.171,-0.062,0.725,0.562,0.976,22.5,26.4,22.5,26.7,24.5,4.14,0.000334,1.198,0.0534,39.59,97.15,753
11207.8,12.555,9.276,9.181,12.555,10.916,3.279,0.000293,0.999,0.217,0.707,0.515,1.005,22.3,26.5,22.3,27.0,24.4,4.7,0.000419,1.009,0.0559,39.14,98.57,752
12453.55,12.538,9.461,9.345,12.538,11.0,3.077,0.000247,1.174,0.008,0.725,0.539,1.001,22.4,27.5,22.4,27.7,24.9,5.31,0.000427,1.321,0.0561,39.34,97.41,751
12237.8,12.515,9.269,9.163,12.515,10.892,3.246,0.000265,1.079,0.072,0.634,0.48,0.844,22.1,26.4,22.1,26.5,24.3,4.47,0.000365,0.734,0.0541,37.39,97.41,750
13374.46,12.539,9.332,9.203,12.539,10.935,3.207,0.00024,1.148,0.374,0.652,0.502,0.948,23.1,27.5,23.1,27.8,25.3,4.7,0.000351,0.94,0.0521,38.96,97.47,749
12743.4,12.515,9.235,9.098,12.515,10.875,3.281,0.000257,1.144,-0.12,0.679,0.51,0.847,21.9,25.4,21.9,25.8,23.7,3.92,0.000307,0.817,0.0524,38.65,96.85,748
10735.38,12.563,9.46,9.324,12.563,11.012,3.103,0.000289,0.977,0.194,0.72,0.577,0.97,23.1,27.8,23.1,28.2,25.4,5.14,0.000479,1.403,0.0496,38.97,97.19,747
11115.09,12.553,9.283,9.154,12.553,10.918,3.27,0.000294,1.165,-0.357,0.777,0.669,0.911,23.0,26.8,23.0,26.9,24.9,3.93,0.000353,0.961,0.0541,39.13,98.15,746
13656.79,12.568,9.079,8.967,12.568,10.823,3.489,0.000255,1.138,-0.301,0.735,0.577,0.904,22.2,26.1,22.2,26.2,24.1,4.05,0.000296,0.885,0.0548,39.8,97.24,745
13918.63,12.53,9.489,9.367,12.53,11.009,3.041,0.000218,1.043,-0.003,0.701,0.545,0.856,22.2,25.8,22.2,25.8,24.0,3.6,0.000259,1.404,0.0536,38.15,96.83,744
12692.28,12.562,9.339,9.211,12.562,10.95,3.223,0.000254,0.924,-0.059,0.701,0.517,0.933,21.8,25.3,21.8,25.6,23.5,3.9,0.000307,1.08,0.057,38.41,96.95,743
11098.02,12.513,9.27,9.133,12.513,10.891,3.244,0.000292,0.993,0.306,0.81,0.618,1.016,22.7,26.7,22.7,27.1,24.7,4.45,0.000401,1.247,0.0528,38.6,97.08,742
13839.47,12.586,9.362,9.223,12.586,10.974,3.224,0.000233,1.015,-0.045,0.724,0.543,1.017,21.9,27.0,21.9,27.0,24.4,5.05,0.000365,1.173,0.0547,39.04,96.92,741
10819.58,12.523,9.013,8.881,12.523,10.768,3.511,0.000324,1.164,-0.198,0.623,0.432,0.836,22.5,27.1,22.5,27.5,24.8,4.99,0.000461,0.908,0.0517,39.2,96.69,740
10895.89,12.589,9.068,8.953,12.589,10.828,3.521,0.000323,0.862,-0.085,0.785,0.611,1.019,23.0,27.2,23.0,27.6,25.1,4.61,0.000423,0.599,0.0579,38.89,97.72,739
11695.76,12.544,9.475,9.343,12.544,11.01,3.069,0.000262,0.959,-0.31,0.726,0.558,0.846,21.2,25.2,21.2,25.4,23.2,4.23,0.000362,0.622,0.0544,38.68,96.39,738
12583.01,12.502,9.393,9.293,12.502,10.948,3.109,0.000247,0.886,0.37,0.669,0.512,0.794,23.3,28.1,23.3,28.2,25.7,4.9,0.00039,0.829,0.0527,38.49,97.17,737
11031.59,12.513,9.125,9.024,12.513,10.819,3.388,0.000307,0.93,-0.326,0.732,0.629,0.964,23.4,27.9,23.4,28.0,25.7,4.66,0.000423,0.552,0.058,39.97,97.44,736
13154.51,12.551,9.055,8.941,12.551,10.803,3.497,0.000266,0.983,0.464,0.673,0.569,0.962,22.7,26.2,22.7,26.5,24.5,3.75,0.000285,0.561,0.0523,38.67,96.72,735
13539.75,12.507,9.04,8.92,12.507,10.774,3.467,0.000256,1.198,0.031,0.677,0.549,0.79,22.1,26.1,22.1,26.3,24.1,4.18,0.000309,0.954,0.0552,38.25,96.2,734
12679.32,12.577,9.36,9.26,12.577,10.969,3.216,0.000254,0.838,-0.073,0.637,0.514,0.827,22.2,27.2,22.2,27.4,24.7,5.18,0.000408,1.165,0.0545,38.3,96.47,733
13297.42,12.509,9.048,8.92,12.509,10.779,3.461,0.00026,0.849,-0.146,0.721,0.566,0.984,22.0,26.1,22.0,26.3,24.0,4.35,0.000327,1.165,0.056,38.72,96.4,732
12514.54,12.535,9.289,9.191,12.535,10.912,3.246,0.000259,1.105,0.074,0.601,0.478,0.832,23.3,28.4,23.3,28.6,25.8,5.33,0.000426,1.307,0.0513,38.38,96.55,731
12754.74,12.503,9.465,9.336,12.503,10.984,3.038,0.000238,0.802,0.37,0.667,0.549,0.821,22.4,26.5,22.4,26.7,24.4,4.31,0.000338,1.066,0.051,39.19,97.26,730
12976.96,12.522,9.21,9.102,12.522,10.866,3.312,0.000255,0.821,-0.343,0.721,0.549,0.895,22.6,26.5,22.6,26.6,24.6,3.97,0.000306,1.118,0.0563,38.41,96.23,729
11922.57,12.527,9.377,9.282,12.527,10.952,3.15,0.000264,0.818,-0.105,0.681,0.553,0.867,22.2,26.3,22.2,26.6,24.3,4.39,0.000369,1.099,0.0544,38.18,96.22,728
11341.67,12.533,9.004,8.876,12.533,10.768,3.529,0.000311,1.122,-0.428,0.756,0.618,0.892,22.3,26.4,22.3,26.8,24.3,4.45,0.000392,1.362,0.056,38.77,96.77,727
12408.52,12.557,9.355,9.243,12.557,10.956,3.203,0.000258,1.133,0.42,0.683,0.581,0.806,22.1,27.5,22.1,27.8,24.8,5.72,0.000461,0.588,0.0562,39.43,96.39,726
11791.86,12.531,9.17,9.063,12.531,10.85,3.361,0.000285,0.94,0.227,0.698,0.547,0.831,23.0,28.0,23.0,28.4,25.5,5.47,0.000464,1.319,0.055,38.07,96.46,725
12494.75,12.576,9.328,9.229,12.576,10.952,3.248,0.00026,1.17,0.064,0.756,0.607,1.011,22.5,26.3,22.5,26.5,24.4,4.02,0.000322,1.135,0.0551,38.74,96.35,724
10542.29,12.544,9.151,9.048,12.544,10.848,3.393,0.000322,1.133,-0.423,0.709,0.559,0.821,22.3,27.5,22.3,27.5,24.9,5.19,0.000493,1.364,0.0537,37.98,95.44,723
12350.82,12.579,9.448,9.336,12.579,11.014,3.131,0.000254,0.825,-0.396,0.728,0.562,0.989,22.3,27.4,22.3,27.5,24.8,5.26,0.000426,1.399,0.0545,38.05,96.52,722
11178.79,12.544,9.22,9.1,12.544,10.882,3.324,0.000297,1.039,0.289,0.729,0.592,0.861,22.4,27.6,22.4,27.8,25.0,5.36,0.000479,1.147,0.0595,37.94,95.61,721
12896.57,12.566,9.453,9.318,12.566,11.009,3.112,0.000241,1.079,-0.108,0.693,0.535,0.86,22.8,27.9,22.8,28.3,25.3,5.54,0.00043,1.095,0.0574,38.3,96.2,720
13226.16,12.567,9.414,9.286,12.567,10.991,3.153,0.000238,0.945,-0.32,0.792,0.639,1.029,22.2,26.5,22.2,26.7,24.3,4.48,0.000339,0.714,0.0565,37.91,96.35,719
10684.11,12.584,9.051,8.921,12.584,10.818,3.534,0.000331,0.852,-0.123,0.757,0.569,1.024,22.9,27.8,22.9,28.2,25.4,5.22,0.000489,0.662,0.0566,38.62,96.45,718
11914.01,12.541,9.338,9.237,12.541,10.94,3.203,0.000269,0.924,0.309,0.702,0.573,0.891,22.5,26.7,22.5,27.0,24.6,4.47,0.000375,0.969,0.0545,38.62,96.27,717
11969.06,12.528,9.191,9.074,12.528,10.86,3.337,0.000279,1.056,0.374,0.683,0.501,0.976,22.6,27.1,22.6,27.2,24.8,4.63,0.000387,1.055,0.056,39.78,96.04,716
13076.18,12.527,9.453,9.351,12.527,10.99,3.075,0.000235,0.811,-0.447,0.697,0.502,0.885,22.6,27.9,22.6,28.1,25.3,5.49,0.00042,1.002,0.0601,38.85,96.52,715
13562.86,12.584,9.325,9.188,12.584,10.954,3.259,0.00024,1.082,-0.051,0.738,0.61,0.866,22.9,27.0,22.9,27.1,24.9,4.18,0.000308,0.505,0.0643,38.25,95.84,714
12879.69,12.553,9.056,8.948,12.553,10.804,3.497,0.000272,0.844,0.405,0.676,0.571,0.836,21.7,27.0,21.7,27.2,24.3,5.46,0.000424,1.097,0.0588,38.72,95.99,713
11875.97,12.561,9.12,9.007,12.561,10.841,3.441,0.00029,1.003,0.488,0.758,0.649,0.991,22.7,27.5,22.7,27.7,25.1,5.05,0.000426,1.054,0.0584,38.49,96.2,712
11140.93,12.502,9.394,9.283,12.502,10.948,3.107,0.000279,0.818,0.046,0.624,0.461,0.871,22.6,26.6,22.6,26.8,24.6,4.19,0.000376,1.314,0.0598,37.12,95.11,711
12537.43,12.581,9.032,8.898,12.581,10.806,3.55,0.000283,1.173,0.015,0.747,0.618,0.939,22.8,27.8,22.8,27.8,25.3,4.96,0.000396,1.489,0.0616,37.61,95.89,710
11490.73,12.578,9.433,9.324,12.578,11.005,3.145,0.000274,0.955,0.474,0.697,0.561,0.822,23.1,27.5,23.1,27.9,25.3,4.78,0.000416,0.996,0.0582,38.04,95.08,709
12647.88,12.508,9.301,9.167,12.508,10.905,3.207,0.000254,1.041,-0.074,0.719,0.587,0.928,23.1,28.4,23.1,28.5,25.8,5.39,0.000426,1.19,0.0589,36.81,94.26,708
13711.44,12.527,9.49,9.349,12.527,11.009,3.037,0.000222,1.181,-0.357,0.696,0.532,0.811,21.9,27.5,21.9,27.8,24.7,5.92,0.000431,1.108,0.0594,38.42,95.26,707
11552.35,12.538,9.284,9.161,12.538,10.911,3.255,0.000282,1.012,-0.102,0.766,0.571,1.001,21.9,27.4,21.9,27.7,24.7,5.81,0.000503,1.15,0.0586,38.92,95.33,706
11614.05,12.556,9.131,9.024,12.556,10.844,3.425,0.000295,0.849,0.353,0.671,0.472,0.861,22.3,28.3,22.3,28.5,25.3,6.26,0.000539,0.952,0.0602,38.05,95.25,705
13239.78,12.532,9.174,9.078,12.532,10.853,3.358,0.000254,1.055,0.294,0.77,0.581,0.978,23.0,27.3,23.0,27.7,25.1,4.77,0.00036,1.009,0.0581,38.9,95.64,704
10392.62,12.555,9.184,9.05,12.555,10.87,3.371,0.000324,1.088,0.026,0.798,0.637,1.008,22.9,28.0,22.9,28.5,25.5,5.68,0.000546,1.269,0.0605,38.73,95.39,703
11822.14,12.568,9.172,9.035,12.568,10.87,3.396,0.000287,1.164,-0.445,0.718,0.554,0.974,23.0,29.2,23.0,29.4,26.1,6.37,0.000539,0.624,0.059,38.78,95.19,702
11470.1,12.594,9.447,9.311,12.594,11.021,3.147,0.000274,1.013,0.003,0.801,0.637,0.951,22.3,27.2,22.3,27.3,24.7,5.06,0.000441,0.669,0.0608,37.74,95.22,701
12364.63,12.584,9.282,9.147,12.584,10.933,3.302,0.000267,1.107,-0.083,0.663,0.558,0.769,22.1,26.6,22.1,26.9,24.3,4.82,0.00039,1.139,0.0596,37.67,95.27,700
11817.34,12.58,9.342,9.234,12.58,10.961,3.238,0.000274,1.043,-0.187,0.851,0.745,0.966,22.0,27.2,22.0,27.3,24.6,5.33,0.000451,1.218,0.0602,37.39,94.25,699
11503.17,12.556,9.16,9.045,12.556,10.858,3.397,0.000295,1.046,-0.252,0.726,0.601,0.879,22.8,28.1,22.8,28.3,25.5,5.46,0.000475,1.365,0.0563,38.18,94.8,698
12881.98,12.55,9.257,9.137,12.55,10.904,3.292,0.000256,0.886,-0.147,0.71,0.607,0.871,23.1,27.9,23.1,28.4,25.5,5.33,0.000414,0.551,0.062,37.65,95.09,697
11938.39,12.585,9.215,9.077,12.585,10.9,3.369,0.000282,0.878,0.053,0.684,0.507,0.929,22.2,27.6,22.2,27.9,24.9,5.72,0.000479,0.574,0.0607,37.19,93.77,696
12441.23,12.512,9.488,9.374,12.512,11.0,3.024,0.000243,1.004,0.0,0.878,0.744,1.137,23.3,28.0,23.3,28.1,25.7,4.86,0.000391,0.545,0.0607,37.28,93.9,695
12332.54,12.552,9.164,9.038,12.552,10.858,3.388,0.000275,1.131,0.032,0.739,0.54,0.872,22.5,27.1,22.5,27.3,24.8,4.84,0.000392,1.209,0.0623,37.45,94.99,694
13520.55,12.558,9.398,9.265,12.558,10.978,3.16,0.000234,1.11,0.078,0.785,0.682,1.023,21.2,26.5,21.2,26.9,23.9,5.7,0.000422,1.221,0.0645,37.24,94.37,693
13044.89,12.515,9.34,9.245,12.515,10.928,3.174,0.000243,1.076,-0.09,0.68,0.569,0.969,22.9,28.1,22.9,28.2,25.5,5.25,0.000402,1.275,0.0606,37.26,94.34,692
10782.11,12.521,9.163,9.036,12.521,10.842,3.358,0.000311,0.942,0.272,0.712,0.581,0.917,23.0,29.1,23.0,29.3,26.1,6.28,0.000583,1.221,0.0594,38.16,95.44,691
10988.84,12.556,9.112,8.971,12.556,10.834,3.443,0.000313,0.94,0.434,0.709,0.58,0.869,22.7,28.6,22.7,28.8,25.7,6.06,0.000552,1.295,0.0591,37.36,94.02,690
13527.98,12.582,9.477,9.341,12.582,11.03,3.105,0.000229,0.903,-0.021,0.686,0.557,0.844,22.4,27.1,22.4,27.3,24.8,4.94,0.000365,0.702,0.0627,37.55,94.41,689
12140.61,12.559,9.121,8.993,12.559,10.84,3.437,0.000283,0.84,0.271,0.704,0.541,0.911,23.0,28.3,23.0,28.7,25.7,5.71,0.00047,0.505,0.0607,37.22,93.27,688
13020.73,12.548,9.1,8.957,12.548,10.824,3.448,0.000265,1.014,0.223,0.795,0.63,0.959,22.7,27.8,22.7,28.0,25.2,5.36,0.000412,1.437,0.0605,36.33,93.26,687
13343.8,12.6,9.198,9.079,12.6,10.899,3.401,0.000255,1.027,-0.393,0.709,0.513,0.996,23.4,28.2,23.4,28.2,25.8,4.76,0.000356,1.483,0.0615,38.06,94.57,686
13317.62,12.585,9.234,9.125,12.585,10.91,3.351,0.000252,1.095,0.291,0.714,0.598,0.837,22.1,27.5,22.1,27.5,24.8,5.42,0.000407,1.068,0.0681,37.01,93.93,685
12980.05,12.552,9.043,8.915,12.552,10.797,3.508,0.00027,0.894,0.254,0.646,0.532,0.783,22.3,27.9,22.3,28.0,25.1,5.71,0.00044,1.454,0.0612,38.35,94.21,684
12482.13,12.506,9.059,8.946,12.506,10.783,3.447,0.000276,0.847,0.416,0.735,0.585,0.916,23.1,27.9,23.1,28.0,25.5,4.93,0.000395,0.795,0.0656,38.28,93.89,683
12660.16,12.561,9.208,9.085,12.561,10.884,3.353,0.000265,1.102,0.373,0.751,0.598,0.946,22.3,27.3,22.3,27.4,24.8,5.09,0.000402,0.582,0.0618,37.73,93.84,682
10285.3,12.555,9.253,9.127,12.555,10.904,3.302,0.000321,1.033,-0.409,0.76,0.628,0.89,22.3,27.5,22.3,27.6,24.9,5.36,0.000521,1.01,0.0639,37.89,93.31,681
10369.19,12.546,9.403,9.273,12.546,10.975,3.143,0.000303,0.938,-0.436,0.725,0.544,0.905,22.5,27.1,22.5,27.1,24.8,4.67,0.00045,1.494,0.0609,37.13,94.2,680
11550.74,12.577,9.383,9.238,12.577,10.98,3.194,0.000277,1.163,-0.124,0.725,0.583,0.954,23.0,28.3,23.0,28.7,25.6,5.73,0.000496,1.183,0.0628,37.77,94.12,679
10707.03,12.554,9.264,9.133,12.554,10.909,3.289,0.000307,1.018,0.032,0.692,0.592,0.837,22.9,28.3,22.9,28.6,25.6,5.73,0.000535,1.323,0.0612,37.17,93.57,678
12586.33,12.511,9.405,9.286,12.511,10.958,3.107,0.000247,0.813,0.098,0.846,0.658,1.099,22.8,28.2,22.8,28.3,25.5,5.43,0.000431,1.203,0.0653,37.35,93.86,677
10954.79,12.586,9.028,8.906,12.586,10.807,3.558,0.000325,1.069,-0.179,0.751,0.569,0.909,22.4,27.4,22.4,27.7,24.9,5.22,0.000477,0.802,0.0646,37.53,94.58,676
10381.05,12.595,9.44,9.296,12.595,11.017,3.155,0.000304,1.069,0.286,0.772,0.629,0.997,21.2,26.6,21.2,27.0,23.9,5.88,0.000567,0.819,0.0661,37.76,94.21,675
11686.13,12.585,9.15,9.018,12.585,10.868,3.435,0.000294,0.854,-0.257,0.789,0.597,1.05,21.3,26.2,21.3,26.5,23.7,5.17,0.000442,0.703,0.0645,36.78,93.45,674
12465.49,12.519,9.134,9.006,12.519,10.827,3.385,0.000272,1.024,-0.021,0.712,0.525,0.933,22.8,29.0,22.8,29.4,25.9,6.55,0.000526,1.369,0.0604,37.31,92.97,673
13261.52,12.512,9.5,9.376,12.512,11.006,3.012,0.000227,1.11,-0.119,0.741,0.581,0.89,22.8,29.3,22.8,29.6,26.1,6.76,0.00051,1.034,0.0686,38.36,92.98,672
10407.96,12.598,9.235,9.095,12.598,10.916,3.363,0.000323,0.858,-0.239,0.725,0.588,1.008,21.9,27.7,21.9,27.8,24.8,5.88,0.000565,1.435,0.0656,36.74,93.3,671
11320.95,12.583,9.25,9.121,12.583,10.916,3.334,0.000294,0.996,-0.332,0.767,0.641,1.004,23.1,27.3,23.1,27.7,25.2,4.6,0.000406,1.295,0.0635,37.47,93.04,670
11965.9,12.564,9.029,8.928,12.564,10.797,3.535,0.000295,1.137,-0.269,0.738,0.544,1.008,22.1,26.8,22.1,27.0,24.4,4.93,0.000412,1.207,0.0674,36.42,93.84,669
12407.32,12.562,9.242,9.12,12.562,10.902,3.32,0.000268,1.191,-0.483,0.78,0.624,0.881,23.1,28.6,23.1,28.8,25.9,5.66,0.000456,1.313,0.0649,37.11,93.99,668
10359.09,12.515,9.096,8.975,12.515,10.805,3.419,0.00033,1.026,0.49,0.717,0.59,0.98,22.1,27.9,22.1,28.1,25.0,5.99,0.000578,0.726,0.0617,37.37,92.93,667
12574.82,12.509,9.19,9.067,12.509,10.849,3.32,0.000264,1.114,0.066,0.649,0.548,0.76,22.8,28.8,22.8,29.0,25.8,6.25,0.000497,1.358,0.0615,36.6,92.91,666
13055.74,12.589,9.238,9.137,12.589,10.913,3.351,0.000257,1.172,-0.186,0.739,0.547,0.854,23.0,28.2,23.0,28.2,25.6,5.16,0.000395,1.461,0.0666,37.83,93.76,665
10244.71,12.516,9.12,8.982,12.516,10.818,3.396,0.000331,1.195,0.224,0.681,0.491,0.859,22.1,28.4,22.1,28.4,25.2,6.34,0.000619,1.001,0.0637,36.88,92.49,664
11222.06,12.577,9.477,9.36,12.577,11.027,3.099,0.000276,0.942,0.441,0.767,0.664,1.021,22.3,29.4,22.3,29.6,25.8,7.35,0.000655,0.932,0.0654,36.44,93.31,663
12686.59,12.571,9.041,8.937,12.571,10.806,3.53,0.000278,0.802,-0.192,0.766,0.602,1.008,22.5,27.6,22.5,27.7,25.0,5.19,0.000409,0.86,0.063,37.71,92.79,662
11903.44,12.541,9.013,8.897,12.541,10.777,3.528,0.000296,0.955,-0.415,0.78,0.621,0.899,22.3,28.3,22.3,28.4,25.3,6.17,0.000518,1.401,0.0669,37.42,93.02,661
11458.01,12.514,9.151,9.03,12.514,10.832,3.363,0.000294,0.901,-0.253,0.717,0.573,0.829,22.0,27.9,22.0,27.9,24.9,5.91,0.000516,1.125,0.0629,37.38,94.14,660
13174.57,12.533,9.31,9.172,12.533,10.922,3.223,0.000245,0.854,-0.179,0.757,0.623,0.922,22.9,27.6,22.9,28.1,25.2,5.19,0.000394,1.447,0.0654,37.4,92.68,659
11023.56,12.569,9.246,9.117,12.569,10.907,3.324,0.000302,1.026,0.092,0.701,0.563,0.849,22.7,27.9,22.7,27.9,25.3,5.23,0.000474,1.046,0.068,38.5,93.03,658
12360.49,12.544,9.146,9.014,12.544,10.845,3.398,0.000275,0.897,0.159,0.714,0.534,0.978,22.0,28.0,22.0,28.3,25.0,6.28,0.000508,1.215,0.0642,37.57,92.59,657
11367.24,12.551,9.46,9.328,12.551,11.005,3.09,0.000272,1.055,-0.415,0.727,0.548,0.935,21.8,28.3,21.8,28.6,25.1,6.75,0.000594,1.269,0.0658,37.71,92.85,656
13264.44,12.568,9.2,9.065,12.568,10.884,3.368,0.000254,1.008,0.081,0.718,0.575,1.011,22.9,28.6,22.9,28.8,25.7,5.96,0.000449,1.075,0.0652,36.91,92.49,655
11622.6,12.534,9.012,8.908,12.534,10.773,3.522,0.000303,0.925,-0.045,0.664,0.468,0.847,23.4,29.9,23.4,29.9,26.6,6.55,0.000564,0.707,0.0676,36.99,92.23,654
11002.35,12.53,9.405,9.3,12.53,10.968,3.125,0.000284,0.898,-0.326,0.759,0.594,1.029,22.4,27.8,22.4,28.3,25.1,5.93,0.000539,0.66,0.0673,36.12,92.08,653
10481.21,12.564,9.216,9.117,12.564,10.89,3.348,0.000319,0.882,0.252,0.781,0.661,1.003,22.1,27.5,22.1,27.9,24.8,5.8,0.000553,1.309,0.0653,36.63,91.43,652
11107.14,12.546,9.131,8.989,12.546,10.838,3.415,0.000307,0.939,0.346,0.707,0.543,0.912,21.9,27.3,21.9,27.6,24.6,5.64,0.000507,1.117,0.0677,37.33,92.76,651
10306.1,12.513,9.059,8.946,12.513,10.786,3.454,0.000335,0.953,-0.314,0.796,0.627,0.933,22.0,27.7,22.0,27.8,24.8,5.78,0.000561,1.136,0.0646,36.92,92.81,650
11582.76,12.514,9.157,9.037,12.514,10.836,3.357,0.00029,1.186,0.005,0.73,0.594,0.841,22.8,28.6,22.8,29.0,25.7,6.19,0.000534,0.995,0.065,37.52,92.2,649
10231.25,12.503,9.381,9.268,12.503,10.942,3.123,0.000305,1.106,0.05,0.681,0.527,0.836,22.8,29.0,22.8,29.4,25.9,6.63,0.000648,0.613,0.0659,37.19,92.19,648
12798.21,12.504,9.359,9.231,12.504,10.932,3.145,0.000246,1.2,-0.05,0.687,0.577,0.985,22.9,28.0,22.9,28.1,25.4,5.21,0.000407,0.849,0.0702,37.41,93.0,647
10781.23,12.581,9.294,9.178,12.581,10.938,3.287,0.000305,0.883,-0.441,0.727,0.563,0.969,22.6,28.7,22.6,28.8,25.7,6.15,0.00057,0.851,0.0661,37.87,92.52,646
10909.58,12.527,9.429,9.278,12.527,10.978,3.098,0.000284,1.197,0.367,0.8,0.69,1.036,23.4,29.0,23.4,29.4,26.2,6.08,0.000557,0.627,0.0707,36.5,92.13,645
12519.28,12.568,9.245,9.117,12.568,10.906,3.323,0.000265,0.837,0.016,0.639,0.497,0.793,21.8,27.9,21.8,28.3,24.8,6.49,0.000518,0.778,0.0673,36.76,92.45,644
10008.18,12.577,9.366,9.23,12.577,10.972,3.211,0.000321,0.887,-0.07,0.716,0.55,0.908,22.4,28.4,22.4,28.6,25.4,6.26,0.000626,0.712,0.0678,37.46,92.59,643
11809.9,12.549,9.172,9.035,12.549,10.86,3.377,0.000286,1.143,-0.059,0.786,0.676,0.896,22.6,27.9,22.6,28.0,25.3,5.39,0.000456,0.501,0.0724,36.45,91.99,642
12138.01,12.516,9.466,9.353,12.516,10.991,3.05,0.000251,0.959,-0.194,0.705,0.58,0.936,21.8,28.4,21.8,28.5,25.1,6.75,0.000556,1.199,0.0685,36.85,92.37,641
11524.27,12.513,9.113,8.977,12.513,10.813,3.4,0.000295,0.853,-0.429,0.728,0.558,0.83,23.1,27.7,23.1,27.9,25.4,4.75,0.000412,0.883,0.0719,36.82,92.07,640
10381.36,12.577,9.377,9.27,12.577,10.977,3.201,0.000308,0.976,0.222,0.825,0.711,1.124,22.4,28.3,22.4,28.7,25.4,6.23,0.0006,1.128,0.0682,36.37,91.92,639
10245.24,12.51,9.376,9.245,12.51,10.943,3.134,0.000306,0.834,0.053,0.639,0.442,0.815,22.4,28.6,22.4,28.7,25.5,6.32,0.000617,1.1,0.071,36.49,92.2,638
12007.63,12.53,9.259,9.134,12.53,10.895,3.271,0.000272,0.998,-0.387,0.64,0.51,0.889,23.5,29.8,23.5,30.3,26.7,6.78,0.000565,1.0,0.0673,36.11,91.17,637
12928.71,12.513,9.43,9.302,12.513,10.972,3.083,0.000238,0.807,-0.432,0.709,0.541,0.883,22.6,27.3,22.6,27.7,25.0,5.11,0.000395,0.762,0.0682,37.97,91.29,636
12007.52,12.55,9.208,9.072,12.55,10.879,3.342,0.000278,1.005,-0.297,0.672,0.519,0.789,22.2,27.9,22.2,28.1,25.1,5.86,0.000488,1.308,0.0699,36.91,91.92,635
12087.66,12.507,9.349,9.212,12.507,10.928,3.157,0.000261,1.044,-0.191,0.659,0.553,0.928,23.0,29.2,23.0,29.4,26.1,6.49,0.000537,1.242,0.0694,35.86,91.22,634
10437.06,12.595,9.262,9.122,12.595,10.928,3.334,0.000319,1.155,0.271,0.655,0.538,0.899,23.1,29.7,23.1,29.9,26.4,6.76,0.000648,0.529,0.069,36.45,91.64,633
11812.38,12.508,9.228,9.109,12.508,10.868,3.28,0.000278,1.03,0.223,0.761,0.604,0.961,22.2,28.5,22.2,28.6,25.4,6.35,0.000538,0.728,0.0687,37.42,91.74,632
11423.52,12.538,9.075,8.927,12.538,10.807,3.463,0.000303,0.929,-0.084,0.702,0.546,0.973,23.2,28.8,23.2,29.0,26.0,5.82,0.00051,1.22,0.0703,36.8,91.4,631
12849.23,12.518,9.402,9.251,12.518,10.96,3.116,0.000242,0.931,0.053,0.772,0.665,1.063,22.1,28.2,22.1,28.7,25.2,6.56,0.000511,0.508,0.0713,36.18,91.47,630
11428.44,12.559,9.247,9.105,12.559,10.903,3.312,0.00029,0.964,-0.267,0.796,0.606,0.935,22.5,28.2,22.5,28.2,25.4,5.69,0.000498,0.846,0.0731,36.43,91.65,629
12105.93,12.585,9.364,9.259,12.585,10.974,3.221,0.000266,1.085,-0.407,0.729,0.605,0.935,22.3,28.4,22.3,28.9,25.4,6.59,0.000544,1.421,0.0673,36.8,91.95,628
13139.94,12.508,9.048,8.94,12.508,10.778,3.461,0.000263,0.895,-0.239,0.684,0.577,0.948,22.0,27.9,22.0,28.4,25.0,6.36,0.000484,0.815,0.0695,36.59,91.83,627
10782.98,12.507,9.101,8.963,12.507,10.804,3.406,0.000316,1.014,0.465,0.686,0.571,0.903,22.8,29.4,22.8,29.6,26.1,6.79,0.00063,0.708,0.0682,36.58,91.54,626
12090.04,12.583,9.348,9.243,12.583,10.966,3.234,0.000268,1.005,0.177,0.75,0.617,1.017,22.8,29.1,22.8,29.3,26.0,6.51,0.000538,0.76,0.0727,36.66,91.11,625
12322.62,12.525,9.231,9.089,12.525,10.878,3.294,0.000267,1.129,-0.128,0.761,0.66,0.889,23.2,28.1,23.2,28.1,25.6,4.96,0.000403,1.13,0.0714,36.08,91.33,624
9871.57,12.506,9.451,9.328,12.506,10.979,3.055,0.000309,0.984,-0.332,0.821,0.631,0.947,22.7,28.5,22.7,28.5,25.6,5.78,0.000586,1.074,0.0695,36.25,90.74,623
10430.46,12.521,9.094,8.979,12.521,10.808,3.428,0.000329,0.965,0.051,0.744,0.64,1.021,22.2,28.1,22.2,28.3,25.2,6.06,0.000581,0.561,0.0699,37.27,91.32,622
11550.5,12.563,9.401,9.258,12.563,10.982,3.162,0.000274,1.165,0.002,0.829,0.651,1.127,22.1,28.8,22.1,29.0,25.4,6.91,0.000598,0.888,0.0729,36.72,91.0,621
12403.93,12.506,9.496,9.366,12.506,11.001,3.01,0.000243,0.907,0.316,0.834,0.634,1.088,22.7,28.9,22.7,29.2,25.8,6.49,0.000523,1.417,0.0736,36.68,91.19,620
12648.67,12.535,9.42,9.273,12.535,10.978,3.116,0.000246,0.811,0.201,0.825,0.666,0.96,22.8,28.3,22.8,28.7,25.5,5.95,0.00047,1.448,0.0745,37.19,92.52,619
12619.4,12.549,9.155,9.028,12.549,10.852,3.395,0.000269,1.167,-0.299,0.868,0.744,0.986,22.6,29.4,22.6,29.4,26.0,6.83,0.000541,0.63,0.0713,36.69,90.31,618
9858.33,12.559,9.459,9.32,12.559,11.009,3.1,0.000314,0.958,-0.399,0.693,0.507,0.963,23.0,29.1,23.0,29.6,26.0,6.6,0.000669,0.802,0.0681,36.49,90.62,617
12973.93,12.565,9.087,8.935,12.565,10.826,3.478,0.000268,0.87,-0.193,0.702,0.509,0.941,22.6,28.5,22.6,28.8,25.5,6.21,0.000479,1.188,0.0735,37.24,90.99,616
11149.07,12.599,9.483,9.376,12.599,11.041,3.117,0.00028,1.175,-0.359,0.691,0.499,0.912,22.8,29.0,22.8,29.3,25.9,6.49,0.000582,1.245,0.0751,37.68,91.31,615
10097.21,12.571,9.32,9.168,12.571,10.945,3.251,0.000322,0.843,-0.499,0.821,0.694,1.01,22.5,29.0,22.5,29.1,25.7,6.61,0.000654,0.886,0.0786,36.84,90.81,614
11008.58,12.555,9.051,8.927,12.555,10.803,3.504,0.000318,1.138,-0.205,0.691,0.526,0.964,22.4,28.4,22.4,28.5,25.4,6.07,0.000551,0.819,0.0678,36.64,90.51,613
12197.41,12.555,9.449,9.341,12.555,11.002,3.106,0.000255,0.866,0.39,0.773,0.611,0.991,22.4,28.7,22.4,29.2,25.5,6.8,0.000558,0.657,0.073,36.55,90.79,612
12169.66,12.573,9.133,9.014,12.573,10.853,3.44,0.000283,0.944,-0.072,0.802,0.697,0.949,21.6,27.6,21.6,27.6,24.6,5.99,0.000493,0.795,0.0742,36.61,90.82,611
10289.99,12.529,9.041,8.897,12.529,10.785,3.488,0.000339,1.018,-0.315,0.741,0.601,0.903,21.8,28.2,21.8,28.2,25.0,6.45,0.000626,1.385,0.0712,36.09,90.14,610
10462.27,12.527,9.031,8.888,12.527,10.779,3.496,0.000334,1.036,0.054,0.786,0.677,1.019,22.2,29.0,22.2,29.5,25.6,7.37,0.000704,1.341,0.0752,35.99,90.08,609
11335.61,12.588,9.238,9.132,12.588,10.913,3.35,0.000296,1.071,0.12,0.708,0.536,0.988,21.4,27.8,21.4,28.2,24.6,6.77,0.000597,0.62,0.0719,35.27,90.62,608
12389.31,12.513,9.212,9.059,12.513,10.862,3.301,0.000266,1.164,0.414,0.717,0.517,0.904,21.8,27.6,21.8,27.7,24.7,5.84,0.000472,0.567,0.0727,37.48,90.36,607
11193.99,12.587,9.393,9.257,12.587,10.99,3.194,0.000285,1.103,0.44,0.766,0.624,0.97,22.3,28.8,22.3,29.1,25.5,6.85,0.000612,1.425,0.0754,35.78,89.92,606
10838.58,12.541,9.192,9.063,12.541,10.866,3.35,0.000309,1.077,-0.461,0.79,0.687,1.012,22.5,29.2,22.5,29.5,25.8,7.0,0.000646,1.39,0.0739,35.88,90.04,605
12629.13,12.502,9.409,9.288,12.502,10.955,3.093,0.000245,0.854,0.474,0.617,0.468,0.773,22.4,28.7,22.4,29.1,25.5,6.66,0.000527,0.943,0.0757,35.98,90.02,604
10366.98,12.521,9.412,9.272,12.521,10.967,3.109,0.0003,0.924,0.007,0.766,0.579,1.018,22.8,28.7,22.8,28.8,25.7,5.99,0.000578,0.636,0.0731,35.51,90.33,603
12516.82,12.584,9.125,9.0,12.584,10.854,3.459,0.000276,1.054,-0.376,0.736,0.565,1.02,22.4,29.8,22.4,30.0,26.1,7.64,0.000611,0.531,0.0714,36.61,90.71,602
11567.63,12.535,9.082,8.931,12.535,10.808,3.453,0.000299,1.029,0.465,0.821,0.652,1.071,22.4,29.4,22.4,29.4,25.9,7.05,0.000609,1.357,0.0768,36.28,89.58,601
9735.8,12.578,9.384,9.28,12.578,10.981,3.194,0.000328,1.122,-0.195,0.781,0.616,1.063,22.4,28.9,22.4,29.0,25.7,6.59,0.000677,1.467,0.0726,35.76,89.55,600
10492.26,12.547,9.339,9.194,12.547,10.943,3.208,0.000306,0.95,0.147,0.762,0.652,0.942,21.8,28.2,21.8,28.6,25.0,6.88,0.000656,1.109,0.0735,35.52,89.62,599
11773.02,12.586,9.131,8.989,12.586,10.858,3.456,0.000294,1.122,0.302,0.788,0.658,1.067,23.0,30.2,23.0,30.7,26.6,7.67,0.000651,1.1,0.0762,37.31,89.83,598
12872.26,12.526,9.209,9.087,12.526,10.868,3.317,0.000258,0.889,0.035,0.658,0.487,0.765,22.2,28.6,22.2,29.0,25.4,6.77,0.000526,1.285,0.0729,35.65,89.45,597
12501.93,12.588,9.091,8.982,12.588,10.839,3.497,0.00028,1.072,-0.164,0.726,0.6,0.851,22.8,28.6,22.8,28.7,25.7,5.86,0.000469,0.589,0.0739,35.2,90.42,596
10702.66,12.526,9.147,8.997,12.526,10.837,3.379,0.000316,1.156,0.0,0.812,0.626,1.007,21.5,27.4,21.5,27.5,24.4,6.01,0.000561,1.367,0.0784,35.39,89.24,595
10096.19,12.52,9.205,9.07,12.52,10.862,3.315,0.000328,0.995,0.131,0.763,0.617,1.044,22.2,29.5,22.2,29.9,25.8,7.7,0.000763,0.677,0.077,36.68,89.39,594
10222.68,12.576,9.245,9.101,12.576,10.911,3.332,0.000326,0.953,-0.462,0.814,0.652,0.931,22.2,28.4,22.2,28.9,25.3,6.71,0.000656,0.699,0.0759,35.72,89.62,593
10284.77,12.568,9.313,9.195,12.568,10.941,3.254,0.000316,0.867,0.324,0.815,0.681,1.054,22.8,29.8,22.8,30.1,26.3,7.27,0.000707,0.798,0.0764,35.4,89.54,592
12505.4,12.6,9.171,9.018,12.6,10.885,3.428,0.000274,0.891,0.227,0.704,0.585,0.876,23.6,29.8,23.6,30.0,26.7,6.48,0.000518,0.631,0.0795,35.36,89.35,591
11753.28,12.504,9.438,9.322,12.504,10.971,3.065,0.000261,0.808,0.19,0.772,0.667,0.979,23.2,29.9,23.2,30.2,26.5,6.95,0.000592,0.917,0.0738,36.01,89.43,590
11838.12,12.563,9.151,9.01,12.563,10.857,3.412,0.000288,0.842,0.219,0.735,0.608,0.967,22.3,28.8,22.3,29.2,25.5,6.91,0.000584,0.618,0.0784,35.31,88.99,589
10522.62,12.552,9.101,8.959,12.552,10.827,3.451,0.000328,0.932,-0.497,0.762,0.658,0.921,22.2,28.8,22.2,29.3,25.5,7.15,0.00068,1.172,0.0774,35.94,89.58,588
10027.62,12.551,9.362,9.252,12.551,10.956,3.189,0.000318,0.84,-0.325,0.705,0.582,0.856,22.9,29.6,22.9,29.8,26.3,6.9,0.000688,0.539,0.0749,35.92,90.14,587
9924.54,12.576,9.023,8.872,12.576,10.799,3.553,0.000358,1.151,-0.407,0.806,0.689,1.038,22.2,29.3,22.2,29.6,25.7,7.44,0.00075,1.315,0.0806,35.31,89.07,586
10903.55,12.585,9.4,9.26,12.585,10.993,3.185,0.000292,0.864,-0.084,0.721,0.609,0.98,22.4,29.0,22.4,29.5,25.7,7.03,0.000645,1.091,0.0791,36.17,89.46,585
10814.5,12.503,9.342,9.196,12.503,10.923,3.161,0.000292,0.818,-0.238,0.774,0.661,1.069,22.7,29.3,22.7,29.5,26.0,6.83,0.000631,0.814,0.0745,35.98,89.44,584
11414.35,12.598,9.335,9.214,12.598,10.966,3.263,0.000286,0.938,0.176,0.665,0.495,0.869,23.1,30.3,23.1,30.4,26.7,7.29,0.000639,0.885,0.0747,35.65,88.94,583
11731.06,12.516,9.424,9.277,12.516,10.97,3.091,0.000264,0.82,-0.277,0.729,0.621,1.003,22.1,28.9,22.1,29.4,25.5,7.27,0.00062,1.143,0.0755,35.94,89.44,582
11016.62,12.586,9.224,9.11,12.586,10.905,3.362,0.000305,0.8,-0.409,0.753,0.588,0.952,22.9,30.0,22.9,30.3,26.5,7.37,0.000669,1.104,0.0787,34.63,88.75,581
11722.12,12.595,9.182,9.073,12.595,10.888,3.413,0.000291,1.063,0.216,0.728,0.583,0.873,21.9,28.4,21.9,28.6,25.1,6.78,0.000578,0.614,0.0768,35.14,88.69,580
12697.87,12.529,9.261,9.12,12.529,10.895,3.268,0.000257,0.843,0.111,0.809,0.693,0.918,23.0,30.4,23.0,30.8,26.7,7.79,0.000613,0.688,0.0767,35.08,88.97,579
11955.72,12.511,9.207,9.054,12.511,10.859,3.304,0.000276,1.182,-0.365,0.753,0.594,1.021,22.6,28.9,22.6,29.2,25.7,6.62,0.000553,0.999,0.0775,34.9,89.35,578
11121.08,12.551,9.461,9.345,12.551,11.006,3.09,0.000278,1.153,0.004,0.692,0.519,0.908,22.8,30.0,22.8,30.3,26.4,7.5,0.000675,0.885,0.0783,36.36,88.7,577
12828.26,12.597,9.226,9.113,12.597,10.912,3.371,0.000263,1.144,0.212,0.69,0.52,0.873,22.5,28.9,22.5,29.3,25.7,6.79,0.000529,1.436,0.078,35.99,89.9,576
10661.09,12.567,9.491,9.351,12.567,11.029,3.077,0.000289,0.941,-0.02,0.701,0.55,0.993,22.3,28.8,22.3,28.9,25.6,6.52,0.000611,1.071,0.0778,35.12,88.52,575
10462.04,12.585,9.404,9.272,12.585,10.994,3.181,0.000304,0.864,-0.213,0.634,0.52,0.739,22.3,28.9,22.3,29.3,25.6,6.97,0.000666,0.751,0.0771,35.36,88.44,574
9721.83,12.581,9.051,8.902,12.581,10.816,3.53,0.000363,1.114,0.299,0.81,0.624,1.058,22.5,28.7,22.5,28.9,25.6,6.38,0.000657,0.788,0.0765,35.39,89.06,573
12597.6,12.531,9.276,9.17,12.531,10.904,3.255,0.000258,1.165,0.205,0.811,0.649,0.962,22.7,28.6,22.7,29.0,25.7,6.34,0.000504,1.148,0.0753,34.25,88.02,572
12640.24,12.529,9.089,8.948,12.529,10.809,3.441,0.000272,1.023,-0.37,0.678,0.56,0.815,22.0,28.9,22.0,29.1,25.5,7.11,0.000562,1.084,0.0768,34.74,88.57,571
10046.1,12.532,9.025,8.869,12.532,10.779,3.507,0.000349,1.114,-0.182,0.702,0.536,0.925,21.8,28.8,21.8,29.0,25.3,7.17,0.000713,0.72,0.0813,35.32,88.49,570
11272.29,12.509,9.111,8.991,12.509,10.81,3.399,0.000302,1.199,0.324,0.728,0.592,0.895,22.7,30.4,22.7,30.7,26.6,8.05,0.000714,1.481,0.0803,34.89,88.53,569
11596.81,12.562,9.479,9.337,12.562,11.021,3.083,0.000266,0.913,0.411,0.766,0.575,0.93,23.0,29.8,23.0,30.0,26.4,7.08,0.000611,1.322,0.08,34.64,89.14,568
12309.49,12.519,9.257,9.099,12.519,10.888,3.262,0.000265,1.068,0.274,0.735,0.539,0.869,22.4,29.4,22.4,29.5,25.9,7.01,0.00057,1.365,0.0825,34.94,87.71,567
12609.82,12.578,9.323,9.168,12.578,10.95,3.254,0.000258,0.822,0.294,0.712,0.596,0.961,22.1,29.2,22.1,29.2,25.6,7.17,0.000568,1.058,0.0805,34.48,88.09,566
11491.35,12.543,9.008,8.867,12.543,10.776,3.535,0.000308,1.08,-0.427,0.779,0.615,0.986,21.9,28.3,21.9,28.6,25.1,6.75,0.000587,1.428,0.0796,35.14,87.93,565
12049.14,12.544,9.198,9.054,12.544,10.871,3.346,0.000278,1.018,0.46,0.75,0.597,0.945,22.8,30.2,22.8,30.6,26.5,7.82,0.000649,0.644,0.0826,35.49,88.89,564
10644.94,12.595,9.277,9.143,12.595,10.936,3.318,0.000312,0.922,0.248,0.652,0.552,0.777,22.0,28.7,22.0,29.2,25.3,7.17,0.000674,1.404,0.0766,35.29,87.66,563
9992.64,12.522,9.417,9.297,12.522,10.97,3.105,0.000311,1.198,-0.039,0.682,0.502,0.819,23.1,29.4,23.1,29.8,26.2,6.75,0.000676,1.05,0.0824,34.76,87.81,562
11047.77,12.533,9.064,8.922,12.533,10.799,3.469,0.000314,1.047,-0.194,0.777,0.615,0.897,22.9,29.7,22.9,29.9,26.3,7.05,0.000638,1.084,0.0816,35.86,88.0,561
9472.11,12.525,9.111,8.965,12.525,10.818,3.414,0.00036,0.985,-0.141,0.778,0.594,0.966,23.0,30.7,23.0,31.2,26.9,8.15,0.00086,0.805,0.0802,34.81,87.56,560
12176.53,12.514,9.269,9.147,12.514,10.892,3.245,0.000266,0.812,0.082,0.67,0.563,0.948,22.6,29.7,22.6,30.0,26.2,7.41,0.000609,0.905,0.0808,34.31,87.66,559
12521.35,12.547,9.388,9.262,12.547,10.967,3.16,0.000252,1.004,-0.103,0.71,0.533,0.855,22.5,29.2,22.5,29.4,25.8,6.95,0.000555,1.002,0.079,34.2,86.98,558
9954.61,12.551,9.223,9.107,12.551,10.887,3.328,0.000334,0.944,-0.281,0.665,0.499,0.955,23.3,30.3,23.3,30.5,26.8,7.22,0.000726,0.988,0.0781,35.18,87.34,557
12413.89,12.536,9.235,9.102,12.536,10.885,3.301,0.000266,1.132,0.335,0.739,0.541,0.848,22.1,30.0,22.1,30.3,26.1,8.12,0.000654,0.763,0.0823,35.63,88.24,556
11501.82,12.584,9.258,9.13,12.584,10.921,3.325,0.000289,0.993,0.104,0.691,0.539,0.972,21.9,29.9,21.9,30.1,25.9,8.22,0.000715,1.002,0.0814,34.71,87.45,555
10161.75,12.519,9.181,9.035,12.519,10.85,3.338,0.000328,0.992,-0.289,0.763,0.64,0.887,22.8,29.2,22.8,29.5,26.0,6.69,0.000658,0.661,0.0828,35.79,87.89,554
9980.69,12.563,9.02,8.881,12.563,10.791,3.543,0.000355,1.025,-0.481,0.747,0.622,0.859,23.0,31.4,23.0,31.7,27.2,8.64,0.000866,1.22,0.0817,35.71,87.7,553
12560.72,12.587,9.085,8.935,12.587,10.836,3.501,0.000279,0.906,0.224,0.758,0.579,0.978,22.6,29.6,22.6,29.9,26.1,7.26,0.000578,0.843,0.0808,35.42,87.39,552
9725.98,12.52,9.43,9.294,12.52,10.975,3.09,0.000318,0.816,0.284,0.779,0.664,0.963,23.0,30.5,23.0,30.8,26.7,7.87,0.000809,1.003,0.0831,34.83,86.91,551
12115.16,12.59,9.387,9.244,12.59,10.989,3.202,0.000264,1.121,0.29,0.78,0.643,0.984,23.1,30.5,23.1,30.6,26.8,7.53,0.000622,0.881,0.084,35.63,87.92,550
9674.51,12.513,9.239,9.118,12.513,10.876,3.275,0.000338,1.084,0.289,0.653,0.525,0.925,22.9,29.8,22.9,29.9,26.3,7.0,0.000724,1.078,0.0809,34.76,86.75,549
10438.45,12.536,9.077,8.934,12.536,10.807,3.459,0.000331,1.072,0.255,0.667,0.482,0.818,22.1,29.6,22.1,29.7,25.8,7.64,0.000732,0.913,0.083,34.55,87.44,548
10245.99,12.531,9.172,9.028,12.531,10.851,3.358,0.000328,1.08,-0.338,0.776,0.591,1.023,22.1,28.6,22.1,28.9,25.4,6.82,0.000666,0.714,0.0807,34.55,87.47,547
11600.51,12.516,9.482,9.371,12.516,10.999,3.034,0.000262,0.889,-0.42,0.706,0.591,0.824,23.0,30.0,23.0,30.1,26.5,7.1,0.000612,0.538,0.0842,34.04,86.93,546
11514.08,12.56,9.473,9.318,12.56,11.016,3.087,0.000268,0.914,-0.466,0.69,0.546,0.918,22.7,30.7,22.7,31.1,26.7,8.42,0.000732,1.1,0.0871,34.01,86.17,545
10126.55,12.5,9.079,8.918,12.5,10.789,3.421,0.000338,1.095,-0.431,0.742,0.607,0.998,22.0,29.7,22.0,30.0,25.8,8.01,0.000791,0.59,0.0833,34.8,86.84,544
12405.55,12.528,9.303,9.18,12.528,10.915,3.224,0.00026,0.829,-0.206,0.706,0.549,0.992,22.5,30.3,22.5,30.4,26.4,7.92,0.000638,1.447,0.0872,35.18,86.95,543
11262.09,12.569,9.483,9.347,12.569,11.026,3.086,0.000274,1.035,-0.473,0.666,0.49,0.92,23.0,30.3,23.0,30.5,26.7,7.47,0.000663,0.616,0.079,35.66,87.51,542
10197.04,12.532,9.478,9.34,12.532,11.005,3.054,0.000299,1.128,-0.424,0.727,0.544,0.829,22.5,30.1,22.5,30.4,26.3,7.94,0.000779,1.431,0.085,35.83,87.7,541
12296.73,12.568,9.455,9.318,12.568,11.012,3.113,0.000253,0.9,0.119,0.706,0.532,0.846,22.7,29.9,22.7,30.0,26.3,7.26,0.00059,0.656,0.0843,34.93,86.54,540
11426.62,12.576,9.271,9.155,12.576,10.924,3.306,0.000289,1.148,-0.009,0.664,0.502,0.861,21.0,28.5,21.0,29.0,24.8,7.93,0.000694,1.484,0.0869,34.8,87.83,539
9593.12,12.58,9.239,9.101,12.58,10.91,3.341,0.000348,1.079,-0.04,0.795,0.655,0.995,22.4,29.5,22.4,30.0,26.0,7.63,0.000796,1.189,0.0835,35.01,87.25,538
11340.33,12.526,9.274,9.151,12.526,10.9,3.252,0.000287,1.08,-0.128,0.708,0.547,0.903,22.1,30.0,22.1,30.1,26.1,7.99,0.000704,1.354,0.0846,34.49,87.19,537
10081.85,12.51,9.135,9.011,12.51,10.822,3.375,0.000335,1.122,-0.323,0.778,0.64,0.965,23.3,31.7,23.3,31.8,27.5,8.54,0.000847,1.0,0.0858,35.14,86.74,536
11954.12,12.53,9.281,9.141,12.53,10.906,3.249,0.000272,1.052,-0.05,0.721,0.552,0.901,23.4,31.2,23.4,31.4,27.3,8.05,0.000673,0.835,0.0846,34.3,87.72,535
9380.77,12.512,9.434,9.272,12.512,10.973,3.078,0.000328,0.942,0.173,0.714,0.556,0.854,22.3,29.6,22.3,29.9,25.9,7.63,0.000813,0.987,0.0869,34.87,86.29,534
11317.16,12.514,9.084,8.934,12.514,10.799,3.431,0.000303,0.865,-0.272,0.758,0.595,0.925,21.6,28.7,21.6,28.7,25.2,7.12,0.000629,0.817,0.0809,34.32,86.56,533
10727.24,12.586,9.182,9.039,12.586,10.884,3.405,0.000317,1.065,0.44,0.699,0.557,0.992,22.5,30.2,22.5,30.5,26.4,7.98,0.000744,1.201,0.0867,34.35,86.5,532
12122.19,12.555,9.013,8.881,12.555,10.784,3.542,0.000292,1.154,-0.191,0.741,0.633,0.994,22.5,30.3,22.5,30.6,26.4,8.15,0.000672,0.747,0.0859,34.87,86.81,531
9414.67,12.566,9.43,9.3,12.566,10.998,3.136,0.000333,1.188,0.198,0.8,0.603,0.995,22.1,29.6,22.1,29.8,25.8,7.67,0.000815,0.677,0.0882,35.19,86.35,530
10892.46,12.564,9.155,9.026,12.564,10.859,3.409,0.000313,0.921,-0.5,0.681,0.501,0.889,22.1,29.8,22.1,29.9,25.9,7.87,0.000722,1.315,0.084,33.93,85.87,529
12236.68,12.595,9.239,9.127,12.595,10.917,3.356,0.000274,0.965,0.061,0.731,0.602,0.917,22.5,30.1,22.5,30.3,26.3,7.83,0.00064,0.895,0.0843,34.6,86.66,528
10193.07,12.542,9.12,8.967,12.542,10.831,3.422,0.000336,1.124,-0.087,0.761,0.58,1.043,22.3,29.6,22.3,29.9,25.9,7.59,0.000745,1.353,0.0887,34.33,86.77,527
10185.94,12.562,9.094,8.979,12.562,10.828,3.468,0.000341,1.086,0.227,0.677,0.524,0.787,22.6,30.4,22.6,30.5,26.5,7.96,0.000781,0.733,0.0876,34.14,86.47,526
11843.95,12.6,9.232,9.078,12.6,10.916,3.368,0.000284,0.829,-0.03,0.766,0.582,0.932,22.7,30.2,22.7,30.6,26.4,7.96,0.000672,0.692,0.0881,34.4,86.59,525
11761.33,12.525,9.386,9.253,12.525,10.955,3.139,0.000267,1.193,-0.027,0.708,0.604,0.955,21.7,29.5,21.7,29.8,25.6,8.11,0.00069,1.181,0.0833,34.8,86.7,524
12187.7,12.552,9.127,8.98,12.552,10.839,3.425,0.000281,1.053,-0.175,0.719,0.531,0.859,22.7,30.1,22.7,30.2,26.4,7.45,0.000611,0.667,0.0882,34.29,85.98,523
9424.45,12.578,9.238,9.094,12.578,10.908,3.341,0.000354,1.172,0.497,0.724,0.615,0.898,22.6,30.5,22.6,30.8,26.5,8.16,0.000866,1.125,0.0877,34.44,86.06,522
9758.48,12.523,9.491,9.337,12.523,11.007,3.032,0.000311,0.943,-0.365,0.646,0.465,0.897,22.2,30.0,22.2,30.3,26.1,8.15,0.000835,1.399,0.0879,34.42,86.72,521
9814.22,12.519,9.174,9.024,12.519,10.846,3.345,0.000341,0.862,-0.204,0.804,0.621,0.959,23.0,30.4,23.0,30.5,26.7,7.41,0.000755,0.763,0.0872,33.97,85.47,520
9855.22,12.502,9.428,9.276,12.502,10.965,3.073,0.000312,1.01,-0.002,0.693,0.521,0.841,22.2,29.4,22.2,29.5,25.8,7.39,0.00075,1.051,0.0872,34.06,85.94,519
10852.71,12.507,9.418,9.298,12.507,10.962,3.089,0.000285,1.135,0.158,0.711,0.591,0.986,22.3,30.0,22.3,30.3,26.1,8.04,0.000741,1.026,0.0861,34.07,85.57,518
9478.04,12.593,9.104,8.967,12.593,10.849,3.489,0.000368,1.175,-0.084,0.781,0.673,1.059,22.6,30.1,22.6,30.4,26.3,7.86,0.000829,0.869,0.086,33.84,85.73,517
9457.23,12.53,9.472,9.313,12.53,11.001,3.058,0.000323,0.9,0.125,0.744,0.572,0.864,22.2,29.9,22.2,30.1,26.0,7.96,0.000842,0.679,0.084,34.21,85.56,516
10365.72,12.546,9.333,9.176,12.546,10.939,3.213,0.00031,1.199,-0.057,0.774,0.656,0.907,22.1,30.2,22.1,30.2,26.1,8.12,0.000783,0.852,0.0857,34.86,85.75,515
11530.02,12.543,9.363,9.214,12.543,10.953,3.18,0.000276,1.185,-0.053,0.773,0.652,0.986,22.6,29.3,22.6,29.4,25.9,6.78,0.000588,0.897,0.0936,33.82,85.09,514
12282.87,12.53,9.15,9.029,12.53,10.84,3.38,0.000275,1.021,0.056,0.696,0.594,0.967,22.8,30.0,22.8,30.1,26.4,7.25,0.000591,1.426,0.0824,33.68,85.44,513
10385.48,12.558,9.116,8.961,12.558,10.837,3.442,0.000331,1.117,-0.327,0.751,0.612,0.87,23.2,30.6,23.2,31.0,26.9,7.78,0.000749,1.326,0.0887,34.1,85.68,512
10135.71,12.573,9.288,9.171,12.573,10.931,3.285,0.000324,1.147,0.37,0.693,0.516,0.804,22.0,30.6,22.0,30.8,26.3,8.8,0.000868,0.727,0.0859,34.69,85.31,511
10363.87,12.53,9.021,8.881,12.53,10.776,3.51,0.000339,0.957,-0.054,0.736,0.586,0.866,22.5,30.5,22.5,30.9,26.5,8.37,0.000808,1.095,0.0863,34.91,85.11,510
9595.3,12.508,9.286,9.169,12.508,10.897,3.223,0.000336,0.854,0.059,0.779,0.67,0.958,21.6,29.5,21.6,29.6,25.6,7.92,0.000825,0.988,0.0886,33.91,85.1,509
9958.01,12.507,9.388,9.258,12.507,10.948,3.119,0.000313,0.928,0.094,0.676,0.567,0.961,22.3,29.7,22.3,29.8,26.0,7.59,0.000762,0.524,0.0877,33.48,85.21,508
10514.51,12.515,9.022,8.863,12.515,10.769,3.492,0.000332,0.822,0.449,0.629,0.491,0.769,22.5,29.5,22.5,29.5,26.0,6.97,0.000663,1.427,0.0945,32.81,84.85,507
9624.53,12.545,9.011,8.888,12.545,10.778,3.534,0.000367,1.092,-0.359,0.737,0.616,0.944,22.1,30.0,22.1,30.2,26.0,8.1,0.000841,1.199,0.0864,35.14,85.93,506
9804.68,12.528,9.395,9.248,12.528,10.961,3.134,0.00032,1.141,0.16,0.717,0.552,0.828,23.0,30.9,23.0,31.1,27.0,8.09,0.000825,1.364,0.0896,34.29,85.91,505
10490.74,12.598,9.05,8.918,12.598,10.824,3.548,0.000338,1.171,-0.479,0.701,0.548,0.974,22.7,31.2,22.7,31.4,27.0,8.71,0.00083,0.747,0.0899,34.26,86.2,504
10205.87,12.535,9.313,9.186,12.535,10.924,3.223,0.000316,1.156,0.315,0.748,0.598,1.044,22.8,30.1,22.8,30.5,26.4,7.75,0.000759,0.529,0.0892,33.65,84.71,503
11153.15,12.509,9.191,9.028,12.509,10.85,3.318,0.000297,1.188,0.41,0.817,0.654,1.039,22.6,30.9,22.6,31.0,26.7,8.41,0.000754,0.829,0.0892,34.5,84.72,502
11590.24,12.586,9.154,9.004,12.586,10.87,3.432,0.000296,1.173,0.417,0.778,0.664,0.983,23.9,31.8,23.9,31.9,27.8,8.02,0.000692,0.817,0.0895,34.29,84.72,501
11712.47,12.573,9.383,9.224,12.573,10.978,3.19,0.000272,1.173,-0.226,0.76,0.618,0.942,21.4,29.8,21.4,30.3,25.6,8.86,0.000756,1.279,0.0883,33.87,83.86,500
10020.16,12.557,9.115,8.987,12.557,10.836,3.441,0.000343,1.042,0.212,0.661,0.525,0.899,22.3,29.8,22.3,30.0,26.0,7.74,0.000772,0.874,0.0909,34.13,85.2,499
9305.7,12.576,9.008,8.879,12.576,10.792,3.569,0.000384,1.171,0.486,0.755,0.581,0.938,23.3,31.3,23.3,31.3,27.3,8.0,0.00086,1.367,0.0884,34.31,85.25,498
10346.29,12.504,9.368,9.233,12.504,10.936,3.137,0.000303,1.15,0.287,0.74,0.579,0.903,22.5,29.8,22.5,30.1,26.2,7.64,0.000738,1.021,0.0906,33.4,84.41,497
10628.69,12.54,9.368,9.223,12.54,10.954,3.172,0.000298,0.922,0.328,0.774,0.611,0.977,22.9,31.1,22.9,31.3,27.0,8.39,0.000789,0.961,0.0917,35.16,83.91,496
9518.09,12.583,9.226,9.073,12.583,10.904,3.357,0.000353,0.965,-0.049,0.75,0.572,0.873,23.2,31.0,23.2,31.1,27.1,7.85,0.000825,0.679,0.092,34.22,84.14,495
9832.24,12.569,9.454,9.299,12.569,11.011,3.116,0.000317,1.01,-0.116,0.783,0.67,1.026,22.9,31.4,22.9,31.5,27.1,8.63,0.000878,1.291,0.0892,33.78,84.03,494
11317.95,12.591,9.283,9.134,12.591,10.937,3.308,0.000292,0.924,0.269,0.764,0.577,0.894,22.8,31.7,22.8,31.9,27.2,9.03,0.000798,0.946,0.0907,33.02,83.43,493
11010.02,12.525,9.229,9.07,12.525,10.877,3.296,0.000299,0.99,-0.09,0.755,0.654,0.963,22.8,30.6,22.8,30.9,26.7,8.17,0.000742,0.579,0.0905,34.0,84.42,492
10789.67,12.583,9.024,8.901,12.583,10.803,3.558,0.00033,0.919,0.42,0.71,0.606,0.94,23.0,30.5,23.0,30.9,26.7,7.96,0.000738,0.549,0.0905,33.03,84.25,491
11193.49,12.559,9.394,9.268,12.559,10.977,3.166,0.000283,0.947,-0.121,0.669,0.511,0.86,22.7,30.8,22.7,30.9,26.7,8.21,0.000733,0.568,0.0921,33.37,84.23,490
11156.9,12.527,9.264,9.12,12.527,10.895,3.264,0.000293,1.195,-0.016,0.756,0.595,0.995,23.1,31.8,23.1,32.1,27.5,8.99,0.000806,1.189,0.0928,33.48,83.88,489
10236.79,12.553,9.498,9.365,12.553,11.025,3.055,0.000298,0.872,0.109,0.797,0.64,0.923,21.8,29.9,21.8,30.1,25.8,8.34,0.000815,1.209,0.0894,34.14,85.74,488
9471.02,12.585,9.4,9.233,12.585,10.992,3.185,0.000336,0.88,-0.218,0.741,0.607,0.923,21.8,29.8,21.8,29.8,25.8,7.94,0.000838,1.29,0.0919,34.44,84.38,487
11157.77,12.534,9.362,9.213,12.534,10.948,3.172,0.000284,1.166,0.297,0.735,0.617,0.841,22.3,30.9,22.3,31.2,26.6,8.94,0.000802,1.146,0.0943,33.61,84.09,486
10031.62,12.578,9.207,9.052,12.578,10.893,3.371,0.000336,0.883,0.185,0.691,0.561,0.958,22.4,30.2,22.4,30.5,26.3,8.06,0.000804,1.3,0.0926,33.9,83.55,485
9226.96,12.598,9.313,9.155,12.598,10.956,3.285,0.000356,1.082,-0.186,0.722,0.583,0.936,21.7,29.4,21.7,29.7,25.5,8.05,0.000873,0.532,0.0912,34.22,84.56,484
11896.87,12.522,9.151,9.027,12.522,10.836,3.37,0.000283,0.993,0.0,0.785,0.607,1.042,23.0,30.9,23.0,31.0,27.0,7.99,0.000671,0.69,0.0938,33.5,83.65,483
9598.14,12.587,9.411,9.248,12.587,10.999,3.176,0.000331,1.009,-0.496,0.717,0.604,0.953,22.4,30.1,22.4,30.5,26.3,8.08,0.000842,1.432,0.0912,33.07,84.82,482
9188.63,12.552,9.329,9.198,12.552,10.941,3.223,0.000351,0.911,-0.181,0.759,0.628,0.975,22.8,30.9,22.8,30.9,26.8,8.11,0.000882,0.941,0.0904,34.0,83.79,481
10983.19,12.551,9.103,8.967,12.551,10.827,3.448,0.000314,0.828,0.113,0.739,0.625,0.902,22.4,30.3,22.4,30.4,26.3,8.03,0.000731,0.839,0.0938,33.67,84.21,480
9359.05,12.505,9.213,9.086,12.505,10.859,3.292,0.000352,0.925,0.317,0.744,0.584,0.963,22.9,30.6,22.9,30.9,26.7,7.96,0.00085,1.213,0.0935,32.74,83.7,479
10431.04,12.513,9.406,9.244,12.513,10.96,3.107,0.000298,0.893,-0.276,0.716,0.571,0.91,22.2,29.8,22.2,30.0,26.0,7.84,0.000752,1.361,0.0911,34.27,83.61,478
10955.57,12.579,9.441,9.302,12.579,11.01,3.138,0.000286,1.107,0.104,0.779,0.631,0.885,22.2,31.0,22.2,31.0,26.6,8.88,0.00081,0.627,0.0905,32.61,83.03,477
11106.37,12.579,9.266,9.126,12.579,10.923,3.313,0.000298,0.936,0.314,0.687,0.525,0.87,21.2,29.2,21.2,29.4,25.2,8.15,0.000734,1.091,0.0958,33.94,84.54,476
9770.33,12.566,9.039,8.875,12.566,10.803,3.527,0.000361,1.129,-0.324,0.669,0.52,0.884,22.0,30.1,22.0,30.4,26.1,8.35,0.000854,1.456,0.0917,33.69,83.86,475
10207.77,12.549,9.33,9.207,12.549,10.94,3.219,0.000315,0.859,-0.351,0.651,0.462,0.914,23.1,31.1,23.1,31.1,27.1,7.98,0.000782,1.031,0.0943,33.9,83.92,474
9927.19,12.557,9.457,9.321,12.557,11.007,3.1,0.000312,0.803,0.486,0.801,0.658,1.09,23.0,31.3,23.0,31.4,27.1,8.4,0.000846,0.904,0.0957,33.51,83.14,473
9220.61,12.57,9.41,9.273,12.57,10.99,3.16,0.000343,0.927,-0.117,0.776,0.59,1.048,22.6,31.8,22.6,32.0,27.2,9.39,0.001019,0.882,0.0954,33.13,83.89,472
10093.98,12.592,9.42,9.294,12.592,11.006,3.172,0.000314,1.089,-0.013,0.735,0.568,1.035,22.6,31.2,22.6,31.2,26.9,8.59,0.000851,0.937,0.0935,32.82,82.84,471
10414.94,12.579,9.302,9.162,12.579,10.941,3.277,0.000315,0.874,0.105,0.69,0.539,0.826,22.0,30.3,22.0,30.4,26.1,8.45,0.000812,1.078,0.0944,33.16,83.71,470
10680.2,12.537,9.489,9.342,12.537,11.013,3.048,0.000285,1.093,0.484,0.729,0.618,0.97,21.7,30.3,21.7,30.4,26.0,8.62,0.000808,1.484,0.0934,32.95,83.66,469
9283.97,12.547,9.371,9.205,12.547,10.959,3.176,0.000342,0.937,0.279,0.78,0.616,0.895,22.6,30.7,22.6,30.7,26.7,8.09,0.000872,0.969,0.0926,34.33,83.5,468
11804.13,12.58,9.145,9.024,12.58,10.862,3.435,0.000291,0.989,-0.331,0.678,0.503,0.963,22.4,30.3,22.4,30.3,26.3,7.89,0.000668,0.552,0.0948,33.06,82.79,467
9344.59,12.551,9.426,9.293,12.551,10.988,3.125,0.000334,0.87,0.092,0.701,0.573,0.828,22.6,31.0,22.6,31.1,26.8,8.5,0.00091,0.651,0.0949,33.39,84.21,466
10336.71,12.58,9.431,9.293,12.58,11.005,3.149,0.000305,1.197,0.27,0.807,0.693,0.924,22.8,31.2,22.8,31.4,27.0,8.66,0.000837,0.738,0.0964,32.9,82.39,465
9939.37,12.564,9.378,9.252,12.564,10.971,3.186,0.000321,1.013,-0.12,0.809,0.669,0.942,22.2,31.6,22.2,31.9,26.9,9.7,0.000976,1.206,0.0964,33.21,82.54,464
11716.66,12.545,9.339,9.171,12.545,10.942,3.206,0.000274,0.973,0.418,0.724,0.62,0.961,23.1,31.3,23.1,31.8,27.2,8.68,0.000741,1.358,0.0957,33.2,82.87,463
10120.49,12.577,9.375,9.217,12.577,10.976,3.203,0.000316,1.019,0.173,0.772,0.653,0.99,22.1,31.3,22.1,31.4,26.7,9.31,0.00092,1.332,0.0971,33.75,82.9,462
9651.61,12.528,9.097,8.975,12.528,10.812,3.432,0.000356,1.055,0.208,0.763,0.569,0.881,22.0,29.8,22.0,30.2,25.9,8.27,0.000857,0.62,0.0959,33.74,83.28,461
10676.41,12.597,9.448,9.294,12.597,11.022,3.149,0.000295,0.911,-0.073,0.641,0.494,0.791,23.2,31.5,23.2,31.9,27.3,8.78,0.000823,1.403,0.0952,32.67,83.16,460
11286.68,12.538,9.166,9.044,12.538,10.852,3.372,0.000299,1.044,-0.322,0.747,0.62,1.038,22.0,30.8,22.0,31.2,26.4,9.29,0.000823,0.992,0.0944,33.31,83.01,459
11751.33,12.572,9.052,8.926,12.572,10.812,3.52,0.0003,1.056,0.433,0.8,0.675,1.015,21.5,30.5,21.5,30.6,26.0,9.06,0.000771,1.165,0.099,33.51,83.43,458
10474.86,12.594,9.245,9.101,12.594,10.92,3.349,0.00032,1.182,0.318,0.693,0.515,0.962,22.6,30.7,22.6,30.7,26.7,8.04,0.000767,0.982,0.0995,33.65,82.77,457
10006.0,12.563,9.479,9.356,12.563,11.021,3.084,0.000308,1.059,-0.323,0.789,0.593,0.996,23.0,31.9,23.0,32.3,27.4,9.31,0.000931,0.539,0.0947,32.22,81.73,456
10783.84,12.536,9.042,8.89,12.536,10.789,3.493,0.000324,0.996,-0.437,0.63,0.516,0.877,22.8,32.2,22.8,32.5,27.5,9.72,0.000901,1.041,0.0976,32.65,82.51,455
11864.86,12.504,9.028,8.866,12.504,10.766,3.476,0.000293,1.071,0.374,0.683,0.571,0.791,22.8,30.8,22.8,31.0,26.8,8.22,0.000693,0.649,0.0992,33.27,82.48,454
10740.2,12.547,9.459,9.337,12.547,11.003,3.088,0.000288,1.117,-0.044,0.736,0.623,0.977,22.6,31.4,22.6,31.6,27.0,9.0,0.000838,0.671,0.0949,32.93,81.65,453
11191.12,12.522,9.402,9.261,12.522,10.962,3.12,0.000279,1.03,-0.363,0.766,0.568,1.029,22.3,30.6,22.3,31.1,26.5,8.81,0.000787,1.336,0.0952,33.19,81.82,452
9299.78,12.514,9.208,9.054,12.514,10.861,3.307,0.000356,1.139,0.112,0.705,0.561,0.916,22.6,31.3,22.6,31.3,27.0,8.72,0.000938,1.278,0.0941,32.73,82.78,451
9238.68,12.565,9.443,9.301,12.565,11.004,3.122,0.000338,1.009,-0.088,0.731,0.554,0.993,22.4,30.8,22.4,31.1,26.6,8.75,0.000947,1.438,0.0977,33.54,83.07,450
11710.14,12.563,9.391,9.253,12.563,10.977,3.171,0.000271,0.945,0.261,0.783,0.66,0.884,23.0,32.1,23.0,32.2,27.5,9.23,0.000788,1.04,0.0973,33.19,82.34,449
9492.77,12.58,9.343,9.17,12.58,10.961,3.237,0.000341,0.914,-0.065,0.696,0.578,0.891,22.4,31.1,22.4,31.4,26.8,8.97,0.000945,0.834,0.1012,32.81,82.56,448
11676.09,12.518,9.393,9.249,12.518,10.955,3.125,0.000268,0.88,0.177,0.752,0.563,0.875,22.4,30.5,22.4,30.7,26.4,8.3,0.000711,0.826,0.0948,33.85,82.64,447
11476.9,12.538,9.11,8.966,12.538,10.824,3.427,0.000299,0.955,-0.364,0.777,0.588,0.974,23.2,32.9,23.2,33.1,28.1,9.94,0.000866,1.22,0.0964,33.62,82.38,446
10810.37,12.506,9.068,8.907,12.506,10.787,3.438,0.000318,1.116,0.138,0.755,0.638,0.947,21.9,31.6,21.9,31.9,26.8,9.99,0.000925,1.112,0.0942,32.61,81.33,445
11502.25,12.549,9.498,9.343,12.549,11.023,3.051,0.000265,0.931,0.079,0.713,0.585,0.981,22.4,30.4,22.4,30.6,26.4,8.15,0.000709,1.392,0.103,33.27,82.84,444
11736.88,12.504,9.235,9.075,12.504,10.87,3.269,0.000278,0.981,-0.259,0.728,0.575,0.834,21.6,30.6,21.6,31.0,26.1,9.38,0.000799,1.058,0.0979,32.72,81.91,443
9836.99,12.565,9.045,8.899,12.565,10.805,3.519,0.000358,0.982,0.272,0.722,0.551,0.883,23.0,31.2,23.0,31.3,27.1,8.24,0.000837,1.374,0.099,33.42,82.91,442
10636.65,12.586,9.035,8.867,12.586,10.811,3.551,0.000334,1.017,0.294,0.771,0.667,0.937,22.1,31.2,22.1,31.7,26.7,9.54,0.000897,1.288,0.1008,32.14,81.32,441
11774.53,12.567,9.444,9.315,12.567,11.006,3.123,0.000265,0.827,0.209,0.713,0.551,0.886,22.3,31.4,22.3,31.7,26.9,9.41,0.000799,0.705,0.101,33.15,82.9,440
11673.27,12.558,9.48,9.347,12.558,11.019,3.078,0.000264,0.911,-0.437,0.767,0.645,1.016,22.3,31.5,22.3,31.8,26.9,9.57,0.00082,0.845,0.099,33.36,82.32,439
10764.45,12.553,9.146,8.992,12.553,10.85,3.407,0.000317,1.157,-0.042,0.785,0.59,1.045,22.9,30.8,22.9,30.8,26.8,7.85,0.00073,0.58,0.0995,33.08,81.29,438
9691.87,12.57,9.248,9.083,12.57,10.909,3.322,0.000343,0.853,-0.153,0.724,0.561,0.928,22.1,32.4,22.1,32.6,27.3,10.49,0.001082,0.944,0.0985,33.1,82.18,437
9488.88,12.595,9.322,9.18,12.595,10.959,3.272,0.000345,1.137,-0.055,0.769,0.604,0.938,22.2,31.7,22.2,32.1,27.0,9.9,0.001044,0.804,0.0983,33.55,81.54,436
10328.9,12.597,9.385,9.258,12.597,10.991,3.212,0.000311,0.914,0.473,0.764,0.619,0.935,23.1,33.0,23.1,33.4,28.0,10.31,0.000998,1.339,0.1024,33.12,82.35,435
8916.14,12.532,9.063,8.929,12.532,10.797,3.468,0.000389,0.949,0.04,0.76,0.604,0.897,22.9,32.0,22.9,32.2,27.5,9.26,0.001038,0.663,0.0971,32.79,81.44,434
9204.99,12.546,9.16,9.034,12.546,10.853,3.386,0.000368,0.916,0.444,0.763,0.566,1.011,22.1,31.8,22.1,32.0,27.0,9.92,0.001078,1.481,0.1043,32.03,81.29,433
10080.26,12.569,9.366,9.198,12.569,10.967,3.203,0.000318,0.978,-0.408,0.687,0.531,0.814,22.3,31.8,22.3,32.2,27.1,9.91,0.000983,0.555,0.0997,31.54,81.35,432
9574.06,12.502,9.269,9.125,12.502,10.886,3.233,0.000338,1.042,0.443,0.845,0.737,1.08,22.2,31.2,22.2,31.3,26.7,9.17,0.000958,1.408,0.0983,32.66,81.13,431
9873.81,12.528,9.176,9.003,12.528,10.852,3.353,0.00034,1.121,-0.211,0.692,0.583,0.967,22.4,30.9,22.4,31.4,26.7,9.01,0.000912,1.306,0.1014,32.82,81.32,430
10584.96,12.509,9.104,8.957,12.509,10.806,3.405,0.000322,0.835,-0.091,0.713,0.515,0.987,23.7,33.2,23.7,33.6,28.4,9.96,0.000941,1.414,0.1003,33.0,81.97,429
9130.65,12.519,9.191,9.039,12.519,10.855,3.328,0.000364,0.985,-0.473,0.649,0.466,0.757,22.7,31.4,22.7,31.7,27.1,8.99,0.000985,0.502,0.1021,32.13,80.85,428
10687.48,12.589,9.209,9.057,12.589,10.899,3.381,0.000316,0.827,0.246,0.681,0.557,0.919,22.8,32.2,22.8,32.7,27.5,9.87,0.000923,1.081,0.1059,32.79,81.25,427
10689.62,12.512,9.256,9.105,12.512,10.884,3.256,0.000305,0.854,-0.337,0.689,0.573,0.958,22.9,32.2,22.9,32.6,27.5,9.71,0.000908,0.773,0.0995,31.76,80.38,426
10201.55,12.594,9.257,9.093,12.594,10.925,3.337,0.000327,1.131,0.185,0.763,0.653,0.899,22.5,31.0,22.5,31.4,26.8,8.93,0.000876,0.801,0.1034,31.86,80.29,425
11134.85,12.501,9.259,9.118,12.501,10.88,3.242,0.000291,0.888,-0.312,0.767,0.633,0.964,22.7,31.7,22.7,31.8,27.2,9.09,0.000817,1.397,0.0986,32.9,80.9,424
10282.96,12.576,9.057,8.912,12.576,10.816,3.519,0.000342,0.945,0.317,0.72,0.538,0.835,23.0,31.9,23.0,32.1,27.5,9.05,0.00088,1.39,0.0991,31.57,80.44,423
8767.06,12.581,9.111,8.946,12.581,10.846,3.47,0.000396,1.076,0.284,0.796,0.673,0.924,22.7,32.0,22.7,32.1,27.4,9.4,0.001072,0.578,0.0997,31.73,80.41,422
11085.13,12.551,9.03,8.902,12.551,10.79,3.522,0.000318,1.168,-0.295,0.736,0.63,0.887,22.1,30.5,22.1,30.9,26.3,8.85,0.000798,1.401,0.0985,32.7,81.18,421
11520.73,12.595,9.174,9.04,12.595,10.884,3.421,0.000297,1.031,-0.486,0.782,0.609,0.982,22.5,32.4,22.5,32.4,27.5,9.9,0.000859,0.717,0.1037,33.29,81.19,420
11600.71,12.51,9.107,8.956,12.51,10.808,3.403,0.000293,0.872,-0.145,0.694,0.557,0.936,22.0,31.0,22.0,31.5,26.5,9.41,0.000811,0.88,0.1037,32.94,81.1,419
9106.21,12.511,9.068,8.904,12.511,10.789,3.443,0.000378,0.913,0.1,0.824,0.668,1.065,22.9,32.3,22.9,32.3,27.6,9.4,0.001032,0.812,0.1037,33.49,80.98,418
11295.77,12.519,9.035,8.868,12.519,10.777,3.484,0.000308,0.842,-0.062,0.716,0.548,0.911,23.3,34.2,23.3,34.4,28.7,11.14,0.000986,1.159,0.1021,32.16,81.39,417
9049.02,12.593,9.489,9.36,12.593,11.041,3.104,0.000343,1.135,0.225,0.769,0.635,1.064,21.2,29.6,21.2,29.7,25.4,8.46,0.000935,0.779,0.1032,31.87,81.04,416
10572.92,12.54,9.238,9.085,12.54,10.889,3.302,0.000312,0.9,-0.003,0.817,0.669,0.998,22.3,32.5,22.3,32.5,27.4,10.17,0.000962,1.128,0.1002,32.11,80.6,415
10705.75,12.597,9.191,9.032,12.597,10.894,3.406,0.000318,1.107,0.293,0.736,0.574,0.867,22.7,32.1,22.7,32.4,27.4,9.78,0.000913,0.702,0.1036,32.52,80.85,414
11163.86,12.555,9.476,9.351,12.555,11.015,3.078,0.000276,0.984,-0.467,0.776,0.584,0.962,22.2,31.8,22.2,32.0,27.0,9.78,0.000876,1.057,0.1011,32.1,80.35,413
9125.67,12.572,9.244,9.114,12.572,10.908,3.328,0.000365,1.142,0.007,0.674,0.508,0.909,22.2,31.0,22.2,31.2,26.6,8.96,0.000982,0.891,0.1019,32.19,80.87,412
11344.47,12.532,9.014,8.886,12.532,10.773,3.518,0.00031,0.937,-0.403,0.699,0.564,0.966,22.5,31.7,22.5,32.2,27.1,9.66,0.000852,0.845,0.1035,31.34,79.22,411
10533.99,12.559,9.455,9.325,12.559,11.007,3.104,0.000295,1.145,0.068,0.698,0.564,0.859,22.9,32.3,22.9,32.6,27.6,9.64,0.000915,1.401,0.105,31.88,80.21,410
9772.82,12.539,9.286,9.118,12.539,10.913,3.253,0.000333,0.936,0.115,0.653,0.486,0.773,22.2,32.1,22.2,32.5,27.1,10.25,0.001049,0.863,0.1067,30.91,80.37,409
11041.03,12.554,9.144,9.015,12.554,10.849,3.41,0.000309,1.138,-0.405,0.658,0.518,0.957,22.6,32.8,22.6,32.9,27.7,10.24,0.000928,0.837,0.1047,32.45,79.86,408
11091.3,12.565,9.151,8.984,12.565,10.858,3.414,0.000308,0.981,0.263,0.735,0.581,0.922,22.7,32.5,22.7,32.8,27.6,10.19,0.000919,0.681,0.1054,32.13,81.17,407
9377.55,12.596,9.371,9.221,12.596,10.984,3.225,0.000344,1.026,0.127,0.68,0.527,0.968,21.9,30.7,21.9,30.9,26.3,9.06,0.000966,1.022,0.1045,32.86,81.07,406
9512.4,12.544,9.159,8.991,12.544,10.851,3.384,0.000356,0.903,0.101,0.792,0.671,0.905,21.7,31.6,21.7,31.9,26.7,10.24,0.001076,0.906,0.1051,32.47,80.06,405
10032.5,12.556,9.218,9.059,12.556,10.887,3.338,0.000333,1.063,-0.324,0.824,0.708,0.931,22.8,32.5,22.8,32.9,27.6,10.13,0.00101,1.353,0.1053,32.2,80.45,404
8960.75,12.56,9.434,9.263,12.56,10.997,3.127,0.000349,1.09,-0.359,0.742,0.606,0.924,22.4,31.7,22.4,32.1,27.0,9.74,0.001087,0.612,0.104,33.27,80.71,403
11373.19,12.593,9.126,8.959,12.593,10.86,3.467,0.000305,0.956,0.248,0.717,0.605,0.865,22.7,31.7,22.7,32.0,27.2,9.34,0.000822,0.736,0.1001,31.06,79.99,402
9881.3,12.525,9.295,9.143,12.525,10.91,3.231,0.000327,1.185,0.379,0.848,0.653,1.023,22.3,32.3,22.3,32.6,27.3,10.31,0.001043,1.437,0.1054,32.52,79.8,401
11350.59,12.561,9.421,9.259,12.561,10.991,3.14,0.000277,0.924,0.458,0.721,0.552,1.009,22.6,31.7,22.6,32.0,27.2,9.42,0.00083,0.863,0.1074,31.84,79.48,400
9764.56,12.591,9.196,9.022,12.591,10.894,3.394,0.000348,1.156,0.416,0.657,0.548,0.808,22.7,31.8,22.7,32.0,27.3,9.29,0.000952,1.131,0.1042,32.68,80.05,399
11207.73,12.582,9.47,9.322,12.582,11.026,3.112,0.000278,1.13,0.198,0.737,0.553,0.92,22.3,30.8,22.3,31.2,26.6,8.94,0.000798,1.006,0.103,32.1,80.52,398
9876.35,12.503,9.026,8.865,12.503,10.764,3.477,0.000352,0.925,-0.418,0.655,0.475,0.881,22.8,32.8,22.8,33.1,27.8,10.24,0.001037,0.658,0.1076,32.1,79.44,397
10869.43,12.569,9.396,9.254,12.569,10.982,3.172,0.000292,1.12,-0.301,0.656,0.482,0.851,22.4,32.8,22.4,33.2,27.6,10.73,0.000988,0.914,0.1051,31.81,78.48,396
9306.76,12.595,9.462,9.299,12.595,11.028,3.133,0.000337,0.868,-0.099,0.695,0.504,0.92,22.8,32.3,22.8,32.7,27.6,9.87,0.001061,0.929,0.1095,33.05,80.17,395
8942.76,12.572,9.218,9.044,12.572,10.895,3.354,0.000375,1.145,0.282,0.819,0.652,1.01,23.1,33.2,23.1,33.3,28.1,10.22,0.001143,0.788,0.1068,31.06,79.69,394
11417.9,12.528,9.339,9.19,12.528,10.933,3.19,0.000279,1.163,-0.13,0.677,0.562,0.859,22.4,32.4,22.4,32.7,27.4,10.29,0.000901,1.184,0.1061,32.17,79.39,393
10573.48,12.569,9.357,9.194,12.569,10.963,3.212,0.000304,0.894,0.408,0.763,0.637,1.01,22.6,32.4,22.6,32.5,27.5,9.88,0.000935,1.497,0.1063,32.11,79.53,392
8854.77,12.525,9.31,9.168,12.525,10.918,3.216,0.000363,0.904,0.004,0.682,0.545,0.861,23.1,32.6,23.1,32.9,27.9,9.8,0.001106,1.43,0.1044,31.63,80.76,391
9013.47,12.512,9.022,8.888,12.512,10.767,3.49,0.000387,1.151,0.113,0.786,0.603,1.06,22.5,31.0,22.5,31.1,26.7,8.65,0.00096,1.262,0.1058,31.62,79.69,390
11419.88,12.576,9.076,8.904,12.576,10.826,3.501,0.000307,0.814,-0.24,0.703,0.523,0.934,22.8,32.5,22.8,32.6,27.6,9.87,0.000865,1.206,0.1084,32.11,79.41,389
9412.38,12.571,9.243,9.088,12.571,10.907,3.328,0.000354,0.872,-0.332,0.724,0.537,0.993,22.7,32.5,22.7,32.9,27.6,10.27,0.001091,1.009,0.1093,31.29,77.89,388
11323.87,12.553,9.285,9.133,12.553,10.919,3.267,0.000289,1.073,0.181,0.696,0.519,0.811,22.0,30.8,22.0,30.8,26.4,8.77,0.000775,0.894,0.1111,31.11,79.2,387
8680.89,12.583,9.33,9.181,12.583,10.956,3.253,0.000375,1.18,-0.175,0.705,0.546,0.996,23.8,33.6,23.8,33.9,28.7,10.09,0.001162,1.232,0.1045,31.46,78.26,386
8684.33,12.564,9.162,9.034,12.564,10.863,3.403,0.000392,1.186,0.366,0.715,0.52,0.83,22.1,32.2,22.1,32.3,27.2,10.16,0.001169,0.589,0.1022,31.34,79.13,385
10723.45,12.565,9.06,8.908,12.565,10.813,3.505,0.000327,1.066,0.332,0.69,0.509,0.876,22.2,32.7,22.2,32.7,27.4,10.51,0.00098,1.013,0.1064,31.83,79.38,384
9625.71,12.576,9.405,9.246,12.576,10.991,3.17,0.000329,0.89,0.186,0.739,0.597,0.926,22.9,32.8,22.9,33.0,27.9,10.1,0.001049,0.655,0.1078,30.61,78.11,383
9701.05,12.591,9.239,9.103,12.591,10.915,3.352,0.000346,0.819,-0.423,0.724,0.533,0.849,22.8,32.1,22.8,32.2,27.5,9.41,0.00097,0.545,0.1078,30.95,78.4,382
10207.87,12.525,9.127,8.994,12.525,10.826,3.398,0.000333,0.957,-0.417,0.771,0.66,0.972,22.3,31.9,22.3,31.9,27.1,9.61,0.000941,1.377,0.1092,32.39,79.46,381
10280.53,12.527,9.483,9.309,12.527,11.005,3.043,0.000296,0.843,0.034,0.751,0.632,0.888,22.5,31.6,22.5,32.0,27.0,9.56,0.000929,0.506,0.1105,30.81,78.8,380
11027.61,12.597,9.301,9.147,12.597,10.949,3.296,0.000299,0.958,-0.197,0.741,0.544,0.965,22.0,32.4,22.0,32.8,27.2,10.73,0.000973,0.625,0.109,30.91,79.18,379
10994.85,12.521,9.324,9.163,12.521,10.923,3.197,0.000291,0.985,-0.026,0.743,0.581,0.93,22.6,32.1,22.6,32.2,27.3,9.67,0.000879,0.522,0.1084,32.98,79.14,378
9872.25,12.586,9.293,9.153,12.586,10.939,3.293,0.000334,1.085,0.479,0.607,0.423,0.821,22.6,32.4,22.6,32.7,27.5,10.18,0.001031,1.349,0.1094,31.22,78.99,377
9886.48,12.549,9.296,9.138,12.549,10.922,3.253,0.000329,0.969,-0.184,0.716,0.534,0.952,21.7,31.6,21.7,31.9,26.7,10.18,0.00103,0.564,0.1059,31.11,78.75,376
11224.57,12.535,9.349,9.219,12.535,10.942,3.186,0.000284,1.164,-0.161,0.74,0.621,0.897,22.3,32.5,22.3,32.6,27.4,10.29,0.000916,1.102,0.1075,31.09,79.16,375
10568.73,12.596,9.417,9.255,12.596,11.006,3.179,0.000301,0.913,0.249,0.761,0.581,1.008,22.8,31.8,22.8,32.1,27.3,9.28,0.000878,1.167,0.1065,31.92,79.1,374
9700.27,12.599,9.152,9.011,12.599,10.876,3.448,0.000355,1.131,0.394,0.716,0.614,0.825,22.8,32.4,22.8,32.5,27.6,9.66,0.000996,0.532,0.11,31.37,78.88,373
9179.63,12.526,9.17,9.022,12.526,10.848,3.356,0.000366,1.006,0.169,0.713,0.525,0.822,22.5,32.7,22.5,33.0,27.6,10.55,0.001149,1.206,0.11,31.45,79.09,372
8850.92,12.511,9.305,9.137,12.511,10.908,3.205,0.000362,1.148,0.411,0.756,0.573,1.045,22.7,32.7,22.7,33.0,27.7,10.31,0.001165,0.657,0.1084,30.69,79.03,371
8742.85,12.565,9.167,9.029,12.565,10.866,3.397,0.000389,1.124,-0.159,0.727,0.583,0.997,21.8,32.1,21.8,32.3,27.0,10.5,0.001202,1.005,0.1116,30.53,78.36,370
10405.45,12.515,9.377,9.225,12.515,10.946,3.138,0.000302,1.141,0.295,0.683,0.503,0.828,22.1,32.3,22.1,32.5,27.2,10.46,0.001005,0.862,0.1106,31.56,78.87,369
11169.66,12.508,9.157,8.978,12.508,10.833,3.351,0.0003,1.161,-0.442,0.736,0.63,0.869,22.5,31.8,22.5,32.1,27.2,9.57,0.000857,1.132,0.11,32.37,78.68,368
9575.16,12.568,9.277,9.133,12.568,10.922,3.291,0.000344,1.168,0.2,0.725,0.534,0.973,22.9,32.9,22.9,33.2,27.9,10.28,0.001074,0.946,0.1071,30.86,78.18,367
10445.65,12.589,9.391,9.238,12.589,10.99,3.198,0.000306,1.096,-0.374,0.659,0.529,0.799,22.9,33.1,22.9,33.4,28.0,10.48,0.001003,1.492,0.1125,31.56,78.47,366
10577.28,12.516,9.014,8.843,12.516,10.765,3.502,0.000331,0.844,-0.44,0.711,0.586,0.929,22.6,31.9,22.6,32.3,27.2,9.72,0.000919,0.873,0.1111,30.71,78.2,365
8760.05,12.53,9.368,9.216,12.53,10.949,3.161,0.000361,1.051,0.033,0.751,0.571,1.048,23.1,33.1,23.1,33.6,28.1,10.44,0.001192,1.096,0.1091,31.84,77.87,364
10300.14,12.571,9.26,9.116,12.571,10.916,3.312,0.000322,1.085,0.328,0.653,0.494,0.818,22.7,32.3,22.7,32.4,27.5,9.68,0.00094,0.582,0.1119,31.34,77.91,363
9590.57,12.553,9.294,9.136,12.553,10.923,3.259,0.00034,1.172,-0.01,0.738,0.612,0.917,22.0,32.0,22.0,32.3,27.0,10.29,0.001073,1.473,0.1123,31.09,79.07,362
8807.02,12.57,9.432,9.296,12.57,11.001,3.139,0.000356,1.181,0.102,0.786,0.639,0.929,22.5,31.4,22.5,31.5,26.9,9.07,0.00103,0.909,0.1099,31.82,78.17,361
9524.4,12.599,9.152,8.995,12.599,10.875,3.447,0.000362,1.156,-0.284,0.737,0.623,0.995,22.4,32.4,22.4,32.8,27.4,10.46,0.001099,1.319,0.1128,31.67,78.47,360
9559.05,12.557,9.283,9.107,12.557,10.92,3.274,0.000343,1.002,-0.039,0.812,0.665,1.069,22.4,31.8,22.4,32.2,27.1,9.83,0.001028,0.95,0.1112,30.49,77.7,359
10151.11,12.541,9.116,8.964,12.541,10.829,3.425,0.000337,1.146,0.207,0.81,0.614,1.018,23.1,32.7,23.1,33.1,27.9,9.93,0.000979,1.072,0.1126,30.37,76.95,358
10004.17,12.519,9.309,9.151,12.519,10.914,3.21,0.000321,0.848,0.436,0.72,0.563,0.831,22.7,33.4,22.7,33.8,28.0,11.12,0.001112,0.68,0.1084,30.99,78.07,357
11010.7,12.544,9.403,9.241,12.544,10.974,3.141,0.000285,0.966,0.36,0.808,0.704,0.989,22.6,32.6,22.6,32.9,27.6,10.3,0.000935,0.817,0.112,31.49,78.67,356
8798.89,12.526,9.045,8.897,12.526,10.785,3.481,0.000396,0.823,-0.11,0.748,0.631,0.929,22.2,32.0,22.2,32.1,27.1,9.9,0.001125,0.82,0.1127,31.34,77.74,355
8687.51,12.52,9.376,9.214,12.52,10.948,3.144,0.000362,0.986,-0.093,0.796,0.621,0.995,22.3,32.7,22.3,32.7,27.5,10.38,0.001195,0.984,0.1128,30.26,77.32,354
11035.99,12.568,9.123,8.963,12.568,10.845,3.444,0.000312,0.881,0.468,0.704,0.574,0.961,22.3,32.6,22.3,33.0,27.5,10.64,0.000964,0.873,0.1129,31.24,77.35,353
11049.52,12.545,9.001,8.846,12.545,10.773,3.545,0.000321,0.993,0.098,0.718,0.589,0.984,22.5,32.7,22.5,33.2,27.6,10.68,0.000967,1.339,0.1119,30.88,78.47,352
9757.23,12.505,9.37,9.208,12.505,10.937,3.135,0.000321,0.912,-0.068,0.681,0.541,0.841,22.7,33.1,22.7,33.4,27.9,10.7,0.001097,1.11,0.1136,30.44,77.21,351
9148.76,12.575,9.226,9.082,12.575,10.901,3.349,0.000366,1.077,0.146,0.688,0.554,0.985,21.8,32.3,21.8,32.3,27.1,10.43,0.00114,0.502,0.112,30.98,77.92,350
10711.49,12.57,9.381,9.222,12.57,10.976,3.189,0.000298,1.069,0.172,0.684,0.519,0.942,22.6,32.9,22.6,33.4,27.8,10.74,0.001003,0.853,0.1133,30.31,76.39,349
10547.92,12.57,9.004,8.851,12.57,10.787,3.565,0.000338,1.169,-0.142,0.754,0.61,1.042,22.5,32.9,22.5,33.0,27.7,10.52,0.000997,0.59,0.1093,30.91,77.76,348
9688.42,12.536,9.14,8.964,12.536,10.838,3.396,0.000351,1.148,0.069,0.694,0.573,0.936,22.8,34.0,22.8,34.2,28.4,11.37,0.001173,0.994,0.1118,30.74,77.03,347
9831.78,12.507,9.064,8.929,12.507,10.785,3.442,0.00035,0.877,0.178,0.7,0.543,0.852,22.6,33.5,22.6,33.9,28.0,11.3,0.00115,1.492,0.1122,29.95,76.6,346
9578.47,12.594,9.32,9.142,12.594,10.957,3.273,0.000342,1.072,-0.033,0.794,0.6,0.904,21.0,32.0,21.0,32.1,26.5,11.13,0.001162,0.861,0.1109,30.8,77.03,345
9512.27,12.545,9.003,8.863,12.545,10.774,3.542,0.000372,0.97,-0.426,0.77,0.613,0.886,23.3,33.8,23.3,34.3,28.5,10.96,0.001152,0.75,0.1093,30.97,77.26,344
9692.92,12.581,9.296,9.131,12.581,10.939,3.285,0.000339,0.822,-0.166,0.714,0.589,0.881,22.8,33.4,22.8,33.5,28.1,10.76,0.00111,1.294,0.115,30.79,77.37,343
10168.33,12.558,9.043,8.908,12.558,10.8,3.515,0.000346,1.168,-0.058,0.672,0.541,0.779,22.6,32.8,22.6,32.9,27.7,10.28,0.001011,0.801,0.1125,30.54,77.91,342
9124.08,12.538,9.048,8.878,12.538,10.793,3.49,0.000383,1.118,0.38,0.673,0.513,0.819,22.5,32.8,22.5,33.0,27.6,10.52,0.001152,1.119,0.1133,30.49,76.92,341
9150.43,12.519,9.051,8.885,12.519,10.785,3.468,0.000379,0.903,-0.079,0.676,0.497,0.79,22.7,33.7,22.7,34.1,28.2,11.33,0.001238,1.225,0.118,30.66,76.37,340
9132.15,12.544,9.48,9.308,12.544,11.012,3.064,0.000335,0.937,-0.131,0.713,0.525,0.875,22.5,32.7,22.5,32.8,27.6,10.29,0.001127,0.508,0.1147,30.69,76.6,339
10528.29,12.586,9.211,9.069,12.586,10.898,3.375,0.000321,1.078,0.482,0.751,0.56,0.891,22.6,32.6,22.6,32.9,27.6,10.32,0.00098,1.1,0.1127,31.06,76.26,338
9418.69,12.516,9.227,9.052,12.516,10.872,3.289,0.000349,1.05,-0.261,0.714,0.592,0.823,22.9,33.3,22.9,33.4,28.1,10.57,0.001122,1.235,0.1167,31.29,76.53,337
8852.97,12.599,9.181,9.044,12.599,10.89,3.418,0.000386,1.106,-0.456,0.696,0.585,0.802,22.4,33.2,22.4,33.5,27.8,11.07,0.001251,0.53,0.1141,30.87,77.23,336
9239.89,12.555,9.089,8.954,12.555,10.822,3.466,0.000375,1.115,-0.389,0.677,0.486,0.946,23.2,33.8,23.2,34.0,28.5,10.76,0.001165,1.436,0.1159,31.34,76.85,335
10864.5,12.598,9.499,9.32,12.598,11.048,3.099,0.000285,0.877,-0.122,0.662,0.555,0.937,23.2,34.6,23.2,35.0,28.9,11.78,0.001084,0.874,0.1163,30.9,76.57,334
9833.15,12.519,9.268,9.097,12.519,10.893,3.251,0.000331,1.187,0.386,0.745,0.64,0.911,22.8,32.3,22.8,32.7,27.6,9.96,0.001013,0.709,0.1118,30.22,75.54,333
9737.47,12.575,9.323,9.162,12.575,10.949,3.253,0.000334,1.086,-0.005,0.714,0.568,0.914,22.3,33.2,22.3,33.6,27.8,11.3,0.001161,0.768,0.1163,30.74,77.09,332
8766.23,12.52,9.432,9.276,12.52,10.976,3.089,0.000352,1.02,-0.366,0.723,0.534,0.884,21.4,31.5,21.4,31.7,26.5,10.21,0.001165,0.584,0.118,30.14,75.63,331
9915.56,12.543,9.234,9.079,12.543,10.888,3.309,0.000334,1.058,-0.141,0.702,0.57,0.963,22.3,33.0,22.3,33.1,27.6,10.88,0.001097,0.582,0.1161,29.94,76.06,330
10853.39,12.51,9.036,8.901,12.51,10.773,3.474,0.00032,1.073,-0.226,0.661,0.541,0.801,22.3,33.2,22.3,33.6,27.8,11.35,0.001045,1.206,0.1136,30.17,76.78,329
11013.35,12.501,9.15,8.974,12.501,10.825,3.351,0.000304,0.989,0.013,0.648,0.508,0.905,22.0,32.9,22.0,33.2,27.4,11.28,0.001024,1.261,0.1157,31.29,78.19,328
9587.08,12.552,9.393,9.219,12.552,10.972,3.159,0.000329,1.108,0.198,0.812,0.666,1.057,22.6,32.8,22.6,32.9,27.7,10.27,0.001071,0.71,0.1176,30.78,76.65,327
8524.47,12.594,9.005,8.829,12.594,10.8,3.589,0.000421,1.111,0.038,0.776,0.643,1.043,21.8,32.8,21.8,33.0,27.3,11.18,0.001312,0.826,0.1169,29.81,75.69,326
10973.48,12.533,9.315,9.15,12.533,10.924,3.218,0.000293,1.014,-0.312,0.716,0.53,0.938,22.8,33.4,22.8,33.6,28.1,10.78,0.000982,0.609,0.1168,31.1,77.12,325
8460.26,12.555,9.016,8.847,12.555,10.786,3.539,0.000418,0.893,0.16,0.716,0.598,0.914,23.7,34.8,23.7,35.0,29.3,11.32,0.001339,0.57,0.1155,30.46,75.7,324
9419.98,12.516,9.055,8.893,12.516,10.786,3.46,0.000367,0.882,-0.068,0.817,0.711,1.013,23.5,33.8,23.5,33.9,28.7,10.44,0.001108,1.21,0.1174,31.15,76.72,323
9510.68,12.568,9.138,9.002,12.568,10.853,3.431,0.000361,1.164,0.379,0.705,0.599,0.834,21.8,33.0,21.8,33.2,27.4,11.47,0.001206,0.96,0.1171,30.79,75.43,322
9372.37,12.57,9.356,9.207,12.57,10.963,3.214,0.000343,1.093,-0.042,0.83,0.649,1.053,22.7,33.7,22.7,34.1,28.2,11.47,0.001224,1.411,0.1153,29.89,75.32,321
8894.51,12.587,9.137,8.968,12.587,10.862,3.45,0.000388,0.997,0.492,0.805,0.613,0.963,22.2,32.2,22.2,32.3,27.2,10.05,0.00113,1.053,0.1194,29.56,76.26,320
9117.87,12.545,9.126,8.966,12.545,10.836,3.419,0.000375,1.098,0.356,0.782,0.675,0.975,22.2,32.1,22.2,32.3,27.2,10.12,0.00111,0.897,0.1171,31.13,76.15,319
10276.11,12.548,9.034,8.871,12.548,10.791,3.514,0.000342,0.868,-0.482,0.708,0.513,0.856,23.1,34.5,23.1,35.0,28.8,11.87,0.001155,0.601,0.1174,30.84,76.15,318
10253.91,12.568,9.077,8.921,12.568,10.822,3.491,0.00034,1.135,0.312,0.743,0.639,0.886,22.3,32.8,22.3,33.1,27.6,10.78,0.001052,1.141,0.1198,30.12,75.68,317
8304.89,12.5,9.386,9.215,12.5,10.943,3.114,0.000375,1.196,-0.163,0.757,0.62,1.043,22.5,33.5,22.5,33.7,28.0,11.19,0.001347,0.692,0.1134,29.9,75.58,316
10421.91,12.517,9.084,8.928,12.517,10.8,3.433,0.000329,1.017,0.439,0.67,0.537,0.791,22.2,32.9,22.2,33.0,27.5,10.76,0.001032,0.621,0.1165,30.89,75.58,315
9050.07,12.539,9.229,9.089,12.539,10.884,3.31,0.000366,0.921,0.099,0.775,0.61,1.038,22.4,33.3,22.4,33.4,27.8,11.04,0.001219,1.483,0.1197,30.56,75.81,314
8693.92,12.596,9.3,9.114,12.596,10.948,3.296,0.000379,1.054,0.384,0.724,0.556,0.963,23.3,33.9,23.3,34.1,28.6,10.84,0.001247,0.818,0.1195,31.43,76.15,313
9801.13,12.538,9.32,9.174,12.538,10.929,3.218,0.000328,0.924,0.238,0.789,0.59,1.006,22.6,34.1,22.6,34.5,28.3,11.96,0.00122,1.257,0.1164,30.03,75.94,312
8557.36,12.52,9.019,8.837,12.52,10.77,3.501,0.000409,1.057,0.26,0.76,0.565,0.979,22.5,32.9,22.5,33.0,27.7,10.53,0.00123,1.021,0.1179,29.87,75.42,311
10555.05,12.533,9.121,8.958,12.533,10.827,3.412,0.000323,1.043,-0.119,0.741,0.574,1.022,22.5,34.1,22.5,34.5,28.3,11.97,0.001134,0.822,0.1181,30.46,76.22,310
8665.46,12.563,9.071,8.924,12.563,10.817,3.493,0.000403,0.831,0.225,0.716,0.557,0.834,23.1,32.9,23.1,33.0,28.0,9.97,0.001151,0.811,0.1187,30.29,75.4,309
8909.91,12.545,9.318,9.169,12.545,10.931,3.227,0.000362,0.977,0.005,0.764,0.656,1.02,23.0,33.8,23.0,33.9,28.4,10.88,0.001221,1.235,0.1173,30.3,75.33,308
9179.74,12.585,9.379,9.199,12.585,10.982,3.206,0.000349,0.981,-0.125,0.72,0.605,0.939,22.4,33.0,22.4,33.2,27.7,10.75,0.001171,1.106,0.1153,30.19,75.41,307
8674.44,12.501,9.25,9.077,12.501,10.876,3.251,0.000375,0.996,0.141,0.736,0.543,0.934,23.7,34.2,23.7,34.3,28.9,10.61,0.001223,1.088,0.1196,29.93,75.54,306
9644.06,12.519,9.218,9.068,12.519,10.869,3.301,0.000342,1.079,0.151,0.707,0.534,0.989,21.9,32.8,21.9,33.2,27.4,11.23,0.001165,1.427,0.1196,30.49,75.13,305
9825.34,12.568,9.349,9.18,12.568,10.958,3.219,0.000328,1.181,0.342,0.75,0.604,0.902,22.3,32.9,22.3,33.2,27.6,10.89,0.001109,0.512,0.1179,30.96,75.17,304
9714.19,12.59,9.259,9.115,12.59,10.925,3.331,0.000343,1.063,-0.117,0.705,0.522,0.889,22.5,33.9,22.5,34.4,28.2,11.86,0.001221,0.808,0.1167,30.53,75.24,303
9717.05,12.578,9.172,9.026,12.578,10.875,3.405,0.00035,1.127,-0.498,0.709,0.516,0.958,22.2,33.4,22.2,33.9,27.8,11.72,0.001206,0.57,0.1219,29.66,74.23,302
8543.37,12.537,9.352,9.206,12.537,10.945,3.185,0.000373,0.824,-0.317,0.663,0.468,0.799,21.6,32.9,21.6,33.0,27.3,11.36,0.001329,1.259,0.1175,29.48,74.85,301
9777.68,12.587,9.083,8.928,12.587,10.835,3.504,0.000358,1.069,-0.399,0.768,0.64,0.944,22.1,33.7,22.1,33.9,27.9,11.79,0.001206,0.561,0.1243,29.38,74.94,300
8355.97,12.552,9.004,8.836,12.552,10.778,3.549,0.000425,0.972,-0.129,0.657,0.48,0.954,23.0,33.8,23.0,34.0,28.4,10.95,0.00131,1.39,0.1199,28.69,74.95,299
9221.66,12.506,9.178,9.024,12.506,10.842,3.328,0.000361,0.856,0.102,0.703,0.558,0.823,22.2,32.5,22.2,33.0,27.4,10.71,0.001162,1.369,0.1203,31.02,75.82,298
9731.42,12.566,9.238,9.077,12.566,10.902,3.328,0.000342,0.944,-0.454,0.686,0.487,0.824,23.4,34.2,23.4,34.2,28.8,10.81,0.001111,1.308,0.1235,30.07,74.71,297
9695.78,12.508,9.214,9.028,12.508,10.861,3.294,0.00034,0.918,-0.305,0.699,0.5,0.985,23.2,33.4,23.2,33.8,28.3,10.58,0.001091,0.643,0.1225,29.42,74.55,296
8344.32,12.58,9.151,8.979,12.58,10.865,3.429,0.000411,1.065,-0.259,0.684,0.496,0.893,22.8,34.3,22.8,34.4,28.5,11.61,0.001391,0.712,0.1204,30.01,74.1,295
9994.44,12.516,9.464,9.283,12.516,10.99,3.052,0.000305,0.849,-0.364,0.758,0.636,1.012,22.5,34.1,22.5,34.6,28.3,12.11,0.001211,1.035,0.118,30.34,74.72,294
10561.52,12.577,9.3,9.13,12.577,10.938,3.276,0.00031,1.025,0.356,0.635,0.464,0.811,22.5,33.1,22.5,33.4,27.8,10.94,0.001036,1.308,0.1202,29.48,74.62,293
10051.23,12.594,9.372,9.227,12.594,10.983,3.221,0.00032,0.825,0.036,0.741,0.556,0.915,23.1,34.1,23.1,34.1,28.6,10.93,0.001088,1.347,0.1222,30.04,74.64,292
10248.72,12.552,9.301,9.151,12.552,10.926,3.251,0.000317,1.135,-0.0,0.787,0.633,0.966,22.2,33.4,22.2,33.9,27.8,11.67,0.001139,0.956,0.1211,29.5,74.99,291
9901.28,12.56,9.154,8.967,12.56,10.857,3.405,0.000344,0.998,0.204,0.653,0.453,0.777,22.3,32.9,22.3,33.4,27.6,11.02,0.001112,0.877,0.1208,29.25,74.27,290
10064.33,12.581,9.35,9.209,12.581,10.966,3.231,0.000321,1.064,0.349,0.7,0.582,0.973,22.0,33.2,22.0,33.7,27.6,11.7,0.001162,1.491,0.1214,30.12,74.9,289
10006.06,12.539,9.264,9.111,12.539,10.902,3.275,0.000327,1.101,0.08,0.593,0.474,0.832,22.8,33.6,22.8,33.7,28.2,10.85,0.001085,1.305,0.1213,28.92,73.97,288
8450.11,12.57,9.146,9.001,12.57,10.858,3.424,0.000405,1.03,0.178,0.738,0.563,0.882,22.5,33.6,22.5,34.0,28.1,11.49,0.00136,1.488,0.1194,29.64,74.81,287
10605.13,12.51,9.487,9.336,12.51,10.998,3.023,0.000285,1.051,-0.096,0.772,0.574,0.883,22.1,32.8,22.1,33.3,27.4,11.15,0.001052,0.534,0.126,29.15,75.04,286
9768.3,12.538,9.346,9.165,12.538,10.942,3.192,0.000327,1.061,-0.133,0.615,0.437,0.847,23.0,33.7,23.0,33.8,28.3,10.82,0.001108,0.62,0.1246,29.24,74.28,285
8129.87,12.557,9.286,9.132,12.557,10.922,3.271,0.000402,0.973,0.071,0.678,0.498,0.927,22.7,34.5,22.7,34.8,28.6,12.08,0.001486,0.599,0.1236,29.59,74.7,284
10316.5,12.502,9.278,9.111,12.502,10.89,3.224,0.000313,1.116,-0.376,0.699,0.55,0.962,21.8,33.0,21.8,33.4,27.4,11.53,0.001118,1.253,0.1243,30.15,75.16,283
8602.17,12.555,9.4,9.255,12.555,10.978,3.155,0.000367,0.814,0.48,0.791,0.671,0.917,22.8,34.7,22.8,35.1,28.7,12.24,0.001423,1.006,0.1218,30.34,75.14,282
7953.31,12.53,9.473,9.306,12.53,11.002,3.057,0.000384,1.009,0.486,0.786,0.62,1.043,21.9,33.4,21.9,33.7,27.6,11.86,0.001491,0.852,0.1247,28.39,73.64,281
8584.79,12.519,9.15,8.969,12.519,10.834,3.369,0.000392,1.049,-0.426,0.784,0.624,1.075,22.6,34.4,22.6,34.4,28.5,11.83,0.001377,0.755,0.1227,30.22,73.67,280
8569.94,12.543,9.347,9.178,12.543,10.945,3.195,0.000373,0.949,0.157,0.742,0.569,0.856,23.3,34.6,23.3,34.7,28.9,11.39,0.001329,1.321,0.1261,29.09,73.15,279
9083.86,12.503,9.302,9.159,12.503,10.902,3.201,0.000352,0.945,-0.166,0.858,0.747,0.983,22.3,33.6,22.3,33.9,28.0,11.59,0.001276,0.773,0.122,30.29,73.49,278
10586.1,12.538,9.053,8.867,12.538,10.795,3.485,0.000329,1.012,0.2,0.733,0.56,0.868,22.2,34.4,22.2,34.6,28.3,12.46,0.001177,1.365,0.1224,30.12,74.09,277
10392.99,12.539,9.173,8.996,12.539,10.856,3.366,0.000324,0.851,-0.491,0.711,0.558,1.005,21.7,32.5,21.7,32.7,27.1,11.05,0.001064,1.014,0.1227,29.5,73.15,276
8121.34,12.573,9.487,9.311,12.573,11.03,3.085,0.00038,1.119,0.002,0.786,0.625,0.936,22.4,33.5,22.4,34.0,27.9,11.56,0.001424,0.776,0.1246,28.97,73.9,275
8641.85,12.586,9.474,9.311,12.586,11.03,3.112,0.00036,0.866,-0.443,0.668,0.559,0.83,23.2,35.0,23.2,35.5,29.1,12.25,0.001418,1.243,0.126,29.73,72.63,274
9010.65,12.551,9.365,9.201,12.551,10.958,3.185,0.000354,1.047,0.411,0.639,0.439,0.842,23.1,34.0,23.1,34.2,28.5,11.11,0.001233,1.246,0.1233,30.14,73.1,273
9883.41,12.595,9.412,9.229,12.595,11.003,3.183,0.000322,1.153,0.024,0.693,0.532,0.898,21.5,32.1,21.5,32.4,26.8,10.95,0.001108,0.725,0.1212,29.37,73.43,272
9167.63,12.538,9.187,9.039,12.538,10.862,3.351,0.000366,0.92,-0.206,0.719,0.594,1.002,21.7,32.9,21.7,33.0,27.3,11.29,0.001231,0.713,0.1261,28.53,74.4,271
10400.11,12.564,9.413,9.272,12.564,10.989,3.151,0.000303,0.931,-0.146,0.772,0.61,0.964,22.0,33.5,22.0,33.8,27.8,11.79,0.001134,0.505,0.1219,29.47,73.45,270
9264.79,12.508,9.257,9.109,12.508,10.883,3.251,0.000351,0.958,-0.201,0.748,0.6,0.873,22.9,35.0,22.9,35.1,28.9,12.18,0.001315,0.928,0.1238,29.34,73.7,269
10197.31,12.516,9.177,9.012,12.516,10.847,3.339,0.000327,0.958,0.244,0.764,0.577,0.936,22.6,34.4,22.6,34.4,28.5,11.81,0.001158,1.401,0.1281,29.93,73.78,268
8644.59,12.542,9.275,9.093,12.542,10.909,3.267,0.000378,1.169,0.343,0.74,0.607,0.982,22.6,33.1,22.6,33.3,27.8,10.72,0.00124,0.889,0.1261,28.68,73.53,267
9259.03,12.577,9.118,8.943,12.577,10.847,3.458,0.000374,0.994,0.261,0.734,0.536,0.902,22.5,33.4,22.5,33.6,27.9,11.12,0.001201,0.748,0.1257,29.68,73.48,266
10237.67,12.599,9.124,8.94,12.599,10.862,3.476,0.00034,0.872,0.493,0.815,0.645,0.955,22.8,33.6,22.8,33.8,28.2,11.05,0.00108,1.091,0.1272,29.44,73.59,265
10481.08,12.593,9.213,9.042,12.593,10.903,3.38,0.000322,0.893,-0.164,0.74,0.635,0.859,22.1,33.9,22.1,34.2,28.0,12.09,0.001154,0.979,0.1243,29.28,72.96,264
8554.32,12.535,9.209,9.052,12.535,10.872,3.326,0.000389,0.989,0.408,0.767,0.663,0.877,23.3,35.1,23.3,35.2,29.2,11.93,0.001394,0.601,0.1254,28.84,72.43,263
8203.78,12.501,9.276,9.088,12.501,10.889,3.225,0.000393,0.949,0.15,0.762,0.588,0.928,21.9,34.2,21.9,34.4,28.1,12.5,0.001524,0.71,0.1302,29.15,73.58,262
8118.36,12.559,9.456,9.279,12.559,11.007,3.103,0.000382,0.937,0.225,0.79,0.62,0.928,22.7,34.2,22.7,34.4,28.4,11.77,0.00145,1.49,0.1286,29.47,72.27,261
9361.03,12.525,9.439,9.252,12.525,10.982,3.087,0.00033,1.164,-0.432,0.739,0.541,1.02,22.9,34.2,22.9,34.6,28.6,11.62,0.001242,0.919,0.1291,29.61,73.24,260
9779.85,12.513,9.023,8.853,12.513,10.768,3.49,0.000357,1.148,0.472,0.739,0.57,0.998,22.5,33.6,22.5,33.9,28.0,11.45,0.001171,0.666,0.1252,30.06,73.49,259
8585.97,12.518,9.08,8.928,12.518,10.799,3.438,0.0004,1.01,-0.197,0.68,0.492,0.92,22.6,33.7,22.6,34.1,28.2,11.45,0.001334,0.72,0.1243,29.25,72.9,258
8473.39,12.504,9.074,8.889,12.504,10.789,3.43,0.000405,1.129,0.035,0.743,0.616,1.029,22.7,33.6,22.7,33.8,28.2,11.08,0.001307,0.501,0.124,29.15,72.69,257
9659.01,12.555,9.361,9.197,12.555,10.958,3.194,0.000331,0.888,0.465,0.745,0.613,0.968,23.4,35.3,23.4,35.8,29.4,12.4,0.001283,0.677,0.1288,28.82,72.41,256
9984.32,12.511,9.373,9.212,12.511,10.942,3.138,0.000314,0.888,-0.231,0.718,0.531,0.949,22.1,33.3,22.1,33.7,27.7,11.61,0.001163,1.082,0.1263,30.2,73.36,255
9792.23,12.537,9.451,9.306,12.537,10.994,3.086,0.000315,1.092,0.148,0.76,0.642,0.896,22.7,34.2,22.7,34.4,28.4,11.69,0.001194,0.521,0.1238,29.4,73.0,254
8045.83,12.507,9.123,8.934,12.507,10.815,3.385,0.000421,1.041,-0.122,0.772,0.662,1.066,21.7,33.3,21.7,33.7,27.5,11.97,0.001488,0.521,0.1281,28.59,72.81,253
8535.81,12.508,9.071,8.899,12.508,10.79,3.437,0.000403,0.935,0.207,0.718,0.522,0.821,22.7,34.4,22.7,34.8,28.6,12.03,0.001409,0.702,0.1242,29.11,72.99,252
8625.31,12.515,9.028,8.85,12.515,10.772,3.488,0.000404,1.005,0.336,0.74,0.628,0.966,22.6,34.1,22.6,34.3,28.4,11.68,0.001354,0.642,0.1277,28.48,71.91,251
9552.85,12.523,9.439,9.277,12.523,10.981,3.083,0.000323,0.841,0.456,0.742,0.56,1.019,22.7,34.7,22.7,34.7,28.7,12.0,0.001256,0.857,0.1273,28.78,72.59,250
10134.17,12.56,9.089,8.92,12.56,10.825,3.471,0.000343,1.127,-0.152,0.678,0.51,0.898,22.9,35.3,22.9,35.5,29.1,12.52,0.001235,0.604,0.127,29.9,72.26,249
9758.2,12.508,9.001,8.812,12.508,10.754,3.507,0.000359,1.114,-0.022,0.693,0.527,0.822,22.3,34.5,22.3,34.9,28.4,12.59,0.00129,0.567,0.1263,30.05,73.04,248
10243.99,12.518,9.193,9.035,12.518,10.855,3.326,0.000325,1.121,0.154,0.751,0.582,0.936,21.7,34.0,21.7,34.2,27.9,12.42,0.001212,0.746,0.1256,28.45,71.23,247
9876.01,12.538,9.29,9.125,12.538,10.914,3.248,0.000329,0.801,0.494,0.717,0.548,0.933,22.5,33.5,22.5,33.6,28.0,11.15,0.001129,0.517,0.1292,28.11,71.79,246
8570.15,12.585,9.433,9.25,12.585,11.009,3.151,0.000368,0.897,0.328,0.722,0.607,0.881,23.3,34.1,23.3,34.5,28.7,11.22,0.001309,0.556,0.1264,28.58,71.08,245
7956.38,12.596,9.186,9.004,12.596,10.891,3.411,0.000429,0.946,-0.421,0.683,0.576,0.916,23.0,34.0,23.0,34.0,28.5,10.99,0.001382,0.577,0.1323,29.07,73.03,244
9611.47,12.575,9.349,9.192,12.575,10.962,3.226,0.000336,0.862,0.381,0.756,0.622,0.938,22.7,33.8,22.7,33.9,28.2,11.24,0.00117,0.532,0.127,28.71,71.32,243
9552.12,12.588,9.277,9.093,12.588,10.932,3.311,0.000347,1.189,0.022,0.736,0.586,1.02,22.4,33.7,22.4,33.8,28.0,11.44,0.001198,1.478,0.1263,29.78,72.1,242
8285.8,12.575,9.28,9.093,12.575,10.927,3.295,0.000398,0.866,0.303,0.706,0.559,0.969,22.2,34.8,22.2,35.2,28.5,12.96,0.001564,1.147,0.1298,28.66,72.29,241
9981.7,12.503,9.141,8.969,12.503,10.822,3.362,0.000337,1.055,-0.468,0.762,0.602,0.875,22.5,34.0,22.5,34.3,28.3,11.75,0.001177,0.769,0.1299,29.43,72.08,240
7958.88,12.531,9.472,9.327,12.531,11.002,3.06,0.000384,1.09,0.474,0.696,0.567,0.867,22.2,34.3,22.2,34.7,28.3,12.49,0.001569,1.203,0.1288,28.22,72.59,239
9912.7,12.515,9.294,9.129,12.515,10.904,3.221,0.000325,1.154,-0.407,0.707,0.522,0.924,22.4,34.6,22.4,34.9,28.5,12.44,0.001255,1.218,0.1305,28.92,72.32,238
8253.58,12.596,9.258,9.079,12.596,10.927,3.338,0.000404,0.944,0.356,0.659,0.466,0.89,22.0,34.7,22.0,34.9,28.4,12.85,0.001557,0.931,0.127,28.53,72.53,237
9418.82,12.507,9.076,8.902,12.507,10.792,3.431,0.000364,1.188,0.281,0.752,0.572,0.952,23.1,35.9,23.1,36.2,29.5,13.02,0.001383,0.587,0.1274,28.73,72.47,236
8515.08,12.536,9.045,8.89,12.536,10.79,3.492,0.00041,1.06,-0.36,0.718,0.592,0.972,22.1,34.2,22.1,34.6,28.1,12.48,0.001465,0.624,0.1307,29.12,72.11,235
9937.77,12.592,9.064,8.902,12.592,10.828,3.527,0.000355,0.905,0.376,0.691,0.496,0.96,22.0,34.5,22.0,34.8,28.2,12.78,0.001286,1.183,0.1297,28.95,71.57,234
9784.7,12.501,9.427,9.269,12.501,10.964,3.074,0.000314,0.837,-0.034,0.693,0.553,0.824,22.9,35.2,22.9,35.4,29.1,12.46,0.001273,1.142,0.1281,28.43,71.13,233
10161.47,12.592,9.384,9.23,12.592,10.988,3.208,0.000316,0.99,-0.222,0.772,0.64,0.937,23.1,35.1,23.1,35.4,29.1,12.36,0.001216,0.538,0.1289,29.52,72.05,232
7842.4,12.56,9.19,8.997,12.56,10.875,3.37,0.00043,1.181,0.184,0.696,0.553,0.868,22.3,34.4,22.3,34.8,28.4,12.5,0.001593,0.77,0.1322,28.47,71.86,231
8473.59,12.571,9.436,9.265,12.571,11.003,3.136,0.00037,0.937,0.253,0.751,0.626,0.985,22.6,34.5,22.6,34.9,28.5,12.31,0.001453,0.665,0.1299,29.01,71.36,230
8095.29,12.57,9.177,8.996,12.57,10.874,3.392,0.000419,1.067,0.117,0.742,0.641,0.92,22.6,34.0,22.6,34.1,28.3,11.44,0.001414,0.824,0.1323,27.7,71.15,229
8665.43,12.515,9.229,9.077,12.515,10.872,3.286,0.000379,0.801,-0.049,0.648,0.537,0.921,23.0,35.0,23.0,35.2,29.0,12.24,0.001413,1.333,0.1304,28.99,72.58,228
8311.9,12.598,9.21,9.036,12.598,10.904,3.388,0.000408,1.031,-0.486,0.726,0.588,0.859,21.8,34.9,21.8,35.4,28.3,13.59,0.001635,1.314,0.1325,28.92,71.73,227
9636.54,12.565,9.228,9.061,12.565,10.896,3.337,0.000346,0.87,-0.072,0.729,0.574,0.899,21.7,33.6,21.7,33.7,27.7,12.04,0.00125,0.677,0.1315,27.94,72.36,226
9392.4,12.544,9.142,8.966,12.544,10.843,3.402,0.000362,1.06,0.116,0.795,0.61,1.08,23.4,35.5,23.4,35.6,29.5,12.15,0.001294,0.911,0.1298,27.58,70.73,225
8724.47,12.558,9.016,8.856,12.558,10.787,3.542,0.000406,0.988,-0.376,0.72,0.598,0.904,22.0,34.3,22.0,34.4,28.2,12.38,0.001418,1.468,0.1315,28.35,70.37,224
9642.2,12.501,9.187,9.031,12.501,10.844,3.313,0.000344,0.966,-0.258,0.66,0.472,0.816,22.4,35.5,22.4,35.9,29.0,13.5,0.0014,1.4,0.1305,28.97,71.59,223
9758.8,12.582,9.3,9.137,12.582,10.941,3.282,0.000336,1.058,0.329,0.77,0.57,1.062,22.6,36.1,22.6,36.2,29.3,13.61,0.001395,1.301,0.1319,28.69,71.02,222
8091.25,12.59,9.259,9.091,12.59,10.925,3.332,0.000412,1.137,0.127,0.626,0.446,0.746,21.8,34.0,21.8,34.4,27.9,12.56,0.001552,0.76,0.1314,27.43,70.82,221
8643.5,12.563,9.297,9.15,12.563,10.93,3.266,0.000378,0.852,-0.046,0.751,0.559,0.993,22.9,35.4,22.9,35.7,29.1,12.8,0.001481,1.132,0.1304,28.0,69.85,220
9000.56,12.525,9.39,9.203,12.525,10.957,3.135,0.000348,1.055,0.079,0.705,0.539,0.959,22.3,35.7,22.3,36.0,29.0,13.68,0.00152,0.603,0.1333,28.62,70.72,219
9849.31,12.509,9.247,9.082,12.509,10.878,3.262,0.000331,1.184,-0.424,0.755,0.616,1.023,22.4,34.6,22.4,34.7,28.5,12.27,0.001246,1.187,0.133,28.42,70.25,218
8075.25,12.501,9.089,8.913,12.501,10.795,3.412,0.000422,1.046,0.046,0.68,0.577,0.902,24.1,36.1,24.1,36.3,30.1,12.25,0.001517,0.658,0.1337,28.98,70.54,217
7698.63,12.551,9.076,8.889,12.551,10.814,3.475,0.000451,1.176,-0.232,0.741,0.62,0.864,22.3,34.9,22.3,35.3,28.6,12.94,0.00168,0.982,0.128,28.34,70.74,216
9598.75,12.55,9.256,9.09,12.55,10.903,3.293,0.000343,0.957,0.084,0.717,0.599,0.855,22.1,33.4,22.1,33.5,27.8,11.45,0.001193,1.266,0.1322,28.08,71.19,215
9835.76,12.542,9.374,9.183,12.542,10.958,3.169,0.000322,1.053,-0.436,0.713,0.553,0.938,21.9,34.5,21.9,34.7,28.2,12.76,0.001297,0.667,0.1362,28.7,70.36,214
9813.38,12.565,9.483,9.317,12.565,11.024,3.082,0.000314,0.829,0.157,0.708,0.59,0.814,22.1,35.2,22.1,35.4,28.7,13.28,0.001353,0.872,0.1336,28.14,71.23,213
8466.3,12.547,9.398,9.206,12.547,10.972,3.149,0.000372,0.911,0.108,0.737,0.598,0.949,22.0,34.0,22.0,34.0,28.0,12.01,0.001418,1.383,0.1322,28.23,70.65,212
9556.99,12.532,9.16,9.003,12.532,10.846,3.372,0.000353,0.868,-0.173,0.697,0.547,0.958,23.0,35.3,23.0,35.4,29.2,12.37,0.001294,0.883,0.1327,28.68,70.68,211
10069.27,12.591,9.142,8.953,12.591,10.867,3.449,0.000343,0.828,-0.405,0.653,0.463,0.833,22.6,34.9,22.6,35.2,28.8,12.6,0.001252,1.303,0.1327,27.44,70.14,210
9011.29,12.531,9.306,9.14,12.531,10.919,3.225,0.000358,0.95,0.118,0.679,0.534,0.919,23.3,34.6,23.3,34.6,28.9,11.36,0.001261,0.529,0.1321,28.16,70.38,209
9355.02,12.544,9.085,8.928,12.544,10.814,3.458,0.00037,1.147,-0.24,0.757,0.62,1.038,23.7,35.3,23.7,35.7,29.5,11.98,0.001281,1.285,0.1339,28.54,70.47,208
9270.65,12.581,9.135,8.976,12.581,10.858,3.446,0.000372,1.155,0.466,0.75,0.604,0.878,23.2,36.3,23.2,36.7,29.7,13.48,0.001454,0.913,0.1371,28.91,71.28,207
9234.13,12.598,9.161,8.976,12.598,10.879,3.437,0.000372,1.149,0.159,0.719,0.592,0.864,22.4,35.0,22.4,35.3,28.7,12.89,0.001396,1.235,0.1344,27.38,70.06,206
7626.18,12.522,9.409,9.251,12.522,10.965,3.112,0.000408,1.104,-0.188,0.727,0.606,0.848,22.0,34.1,22.0,34.5,28.0,12.52,0.001642,0.954,0.135,28.3,70.31,205
8541.3,12.598,9.434,9.259,12.598,11.016,3.164,0.00037,1.148,0.148,0.712,0.593,0.968,22.4,35.2,22.4,35.3,28.8,12.89,0.001509,0.647,0.1364,28.52,70.54,204
8116.09,12.503,9.331,9.162,12.503,10.917,3.172,0.000391,1.001,0.008,0.836,0.643,0.989,23.0,35.7,23.0,35.8,29.3,12.8,0.001577,0.553,0.1322,28.36,70.74,203
8633.29,12.529,9.201,9.023,12.529,10.865,3.328,0.000385,1.184,-0.28,0.665,0.515,0.871,21.8,34.6,21.8,34.9,28.2,13.1,0.001517,0.553,0.1356,27.54,70.07,202
8181.05,12.562,9.358,9.19,12.562,10.96,3.204,0.000392,1.114,-0.152,0.739,0.566,0.86,22.8,35.0,22.8,35.1,28.9,12.32,0.001505,0.788,0.1352,28.38,70.43,201
9236.05,12.548,9.153,8.96,12.548,10.85,3.395,0.000368,0.857,-0.487,0.763,0.632,0.911,22.8,35.4,22.8,35.9,29.1,13.09,0.001417,0.975,0.1331,28.22,69.33,200
9244.11,12.585,9.297,9.099,12.585,10.941,3.288,0.000356,1.027,0.49,0.75,0.601,0.967,22.5,35.3,22.5,35.7,28.9,13.17,0.001424,1.335,0.1362,27.9,69.79,199
8280.16,12.574,9.226,9.041,12.574,10.9,3.347,0.000404,0.941,0.21,0.748,0.622,1.046,22.0,34.6,22.0,34.6,28.3,12.58,0.001519,1.391,0.1351,27.97,69.6,198
7844.31,12.569,9.364,9.217,12.569,10.966,3.204,0.000409,0.898,0.241,0.691,0.506,0.987,22.4,34.7,22.4,34.9,28.5,12.56,0.001601,1.473,0.1316,28.55,70.0,197
9074.76,12.597,9.439,9.254,12.597,11.018,3.158,0.000348,1.072,0.388,0.847,0.702,1.127,23.1,35.5,23.1,35.6,29.3,12.53,0.001381,0.891,0.1382,28.14,69.28,196
8663.15,12.534,9.306,9.133,12.534,10.92,3.228,0.000373,1.0,0.186,0.743,0.547,0.934,22.6,34.8,22.6,35.3,28.7,12.66,0.001462,0.966,0.1389,27.29,68.36,195
8380.49,12.529,9.4,9.247,12.529,10.964,3.129,0.000373,0.972,0.16,0.678,0.55,0.786,22.4,34.9,22.4,35.0,28.6,12.65,0.00151,0.501,0.1401,27.66,70.47,194
9189.89,12.577,9.078,8.923,12.577,10.827,3.499,0.000381,0.888,-0.027,0.827,0.627,0.981,22.7,35.9,22.7,36.0,29.3,13.27,0.001444,0.855,0.1379,27.65,69.65,193
7792.71,12.526,9.151,8.988,12.526,10.839,3.375,0.000433,0.88,-0.364,0.791,0.623,1.004,22.2,35.4,22.2,35.8,28.8,13.55,0.001739,1.054,0.1336,26.79,69.87,192
8869.54,12.538,9.438,9.266,12.538,10.988,3.1,0.000349,0.987,-0.072,0.701,0.557,0.829,22.0,35.8,22.0,36.1,28.9,14.07,0.001586,0.921,0.1372,27.15,69.48,191
8546.81,12.576,9.308,9.143,12.576,10.942,3.268,0.000382,0.917,0.255,0.685,0.533,0.833,22.9,36.0,22.9,36.3,29.5,13.38,0.001566,0.893,0.1368,26.59,69.4,190
8645.66,12.505,9.027,8.836,12.505,10.766,3.478,0.000402,0.933,-0.439,0.635,0.501,0.865,22.8,35.7,22.8,36.0,29.3,13.14,0.00152,1.24,0.1368,28.12,69.41,189
7812.91,12.574,9.248,9.089,12.574,10.911,3.326,0.000426,0.803,-0.015,0.741,0.556,0.976,22.4,35.5,22.4,35.9,28.9,13.58,0.001739,1.188,0.1339,27.93,69.03,188
7731.98,12.52,9.237,9.045,12.52,10.879,3.284,0.000425,1.128,0.342,0.715,0.609,0.903,22.9,35.9,22.9,36.4,29.4,13.54,0.001751,1.047,0.137,27.54,69.35,187
8603.71,12.564,9.092,8.903,12.564,10.828,3.471,0.000403,0.916,0.168,0.676,0.559,0.908,22.5,34.5,22.5,34.8,28.5,12.32,0.001432,1.459,0.1344,28.29,69.63,186
7663.64,12.542,9.212,9.061,12.542,10.877,3.329,0.000434,1.157,0.12,0.779,0.622,0.97,22.9,35.7,22.9,36.0,29.3,13.08,0.001706,0.543,0.1374,26.8,68.51,185
8289.68,12.598,9.179,8.988,12.598,10.889,3.419,0.000412,1.062,-0.148,0.746,0.611,0.947,22.4,34.6,22.4,34.7,28.5,12.29,0.001483,1.219,0.1346,27.32,70.27,184
9309.52,12.53,9.197,8.999,12.53,10.864,3.333,0.000358,1.171,0.275,0.691,0.553,0.92,21.8,34.7,21.8,35.0,28.2,13.17,0.001415,1.025,0.1402,27.58,68.73,183
9038.43,12.54,9.022,8.828,12.54,10.781,3.518,0.000389,1.104,0.481,0.717,0.607,0.849,23.4,36.9,23.4,37.1,30.2,13.73,0.001519,1.309,0.139,28.21,69.4,182
9670.31,12.576,9.21,9.057,12.576,10.893,3.366,0.000348,1.043,0.341,0.712,0.6,0.934,22.6,35.2,22.6,35.6,28.9,13.01,0.001345,1.424,0.1364,27.85,69.01,181
8834.19,12.52,9.126,8.952,12.52,10.823,3.394,0.000384,0.877,0.082,0.834,0.714,0.991,23.0,36.6,23.0,37.0,29.8,13.98,0.001583,1.129,0.1408,26.39,68.67,180
8319.15,12.541,9.273,9.12,12.541,10.907,3.268,0.000393,1.133,0.07,0.632,0.459,0.769,23.1,35.5,23.1,35.8,29.3,12.68,0.001525,0.974,0.137,27.9,68.79,179
7561.9,12.543,9.188,9.032,12.543,10.865,3.355,0.000444,1.041,-0.169,0.72,0.542,0.836,22.4,35.5,22.4,35.6,29.0,13.18,0.001744,0.724,0.1405,27.14,68.48,178
7720.46,12.587,9.484,9.33,12.587,11.036,3.103,0.000402,0.823,0.198,0.808,0.623,1.023,23.0,35.6,23.0,35.8,29.3,12.8,0.001658,0.611,0.1368,27.95,69.9,177
8135.71,12.526,9.167,8.977,12.526,10.847,3.359,0.000413,1.151,-0.264,0.742,0.588,0.87,22.4,34.1,22.4,34.4,28.3,12.06,0.001483,0.573,0.1394,27.07,67.7,176
7624.63,12.598,9.475,9.295,12.598,11.037,3.123,0.00041,0.817,-0.464,0.649,0.54,0.871,21.4,33.8,21.4,34.0,27.6,12.63,0.001656,1.008,0.1374,27.66,69.78,175
9777.7,12.502,9.028,8.839,12.502,10.765,3.474,0.000355,1.021,-0.448,0.822,0.669,1.084,23.0,35.3,23.0,35.7,29.1,12.68,0.001296,1.266,0.1372,27.03,68.39,174
8474.51,12.59,9.491,9.323,12.59,11.04,3.098,0.000366,0.891,0.247,0.742,0.598,0.881,22.8,35.9,22.8,36.2,29.4,13.33,0.001573,1.388,0.1371,27.14,68.47,173
9209.74,12.581,9.038,8.882,12.581,10.81,3.543,0.000385,0.917,0.106,0.73,0.625,0.866,22.1,35.6,22.1,35.7,28.8,13.63,0.00148,0.979,0.1367,27.6,68.77,172
8642.86,12.574,9.178,8.981,12.574,10.876,3.395,0.000393,1.061,0.027,0.793,0.621,0.937,23.3,35.9,23.3,36.1,29.6,12.77,0.001477,0.768,0.1399,27.48,68.69,171
9112.33,12.562,9.14,8.98,12.562,10.851,3.422,0.000376,0.949,0.316,0.766,0.568,0.893,22.6,36.4,22.6,36.5,29.5,13.87,0.001522,0.642,0.1373,28.34,68.31,170
7760.06,12.55,9.017,8.851,12.55,10.783,3.533,0.000455,0.998,0.363,0.686,0.503,0.862,22.8,36.0,22.8,36.3,29.4,13.47,0.001736,0.885,0.1392,27.36,69.22,169
7551.73,12.531,9.271,9.101,12.531,10.901,3.26,0.000432,1.124,0.091,0.779,0.618,0.884,23.4,35.7,23.4,36.1,29.5,12.73,0.001686,1.257,0.1402,27.7,68.73,168
9107.88,12.574,9.029,8.869,12.574,10.801,3.545,0.000389,0.985,0.073,0.751,0.579,0.929,22.1,34.2,22.1,34.6,28.1,12.57,0.001381,1.068,0.1431,26.65,67.84,167
9608.18,12.513,9.008,8.815,12.513,10.76,3.506,0.000365,0.958,0.116,0.786,0.678,1.076,22.5,36.1,22.5,36.3,29.3,13.8,0.001437,0.862,0.14,26.59,68.0,166
7623.39,12.557,9.16,8.997,12.557,10.859,3.396,0.000446,0.992,0.344,0.666,0.52,0.802,22.0,35.2,22.0,35.7,28.6,13.71,0.001799,0.718,0.1373,27.36,67.78,165
8268.17,12.506,9.09,8.898,12.506,10.798,3.417,0.000413,1.047,-0.45,0.798,0.611,0.953,23.0,36.5,23.0,36.6,29.8,13.62,0.001647,0.614,0.1421,27.61,69.3,164
7543.88,12.572,9.03,8.842,12.572,10.801,3.541,0.000469,1.087,0.101,0.679,0.554,0.831,22.1,34.2,22.1,34.4,28.2,12.34,0.001636,0.85,0.1413,27.98,68.89,163
8210.82,12.537,9.411,9.237,12.537,10.974,3.126,0.000381,0.934,-0.092,0.727,0.54,0.956,22.8,36.2,22.8,36.6,29.5,13.81,0.001682,1.152,0.1417,27.06,68.58,162
7313.51,12.593,9.456,9.301,12.593,11.024,3.137,0.000429,1.033,-0.156,0.71,0.529,0.931,21.6,34.7,21.6,34.9,28.1,13.28,0.001816,0.715,0.1418,26.48,66.73,161
9795.66,12.508,9.039,8.839,12.508,10.773,3.469,0.000354,1.093,0.348,0.682,0.531,0.826,21.9,34.8,21.9,35.0,28.3,13.02,0.00133,1.028,0.1405,27.15,68.06,160
8060.17,12.584,9.147,8.981,12.584,10.865,3.437,0.000426,0.846,-0.259,0.722,0.545,0.87,22.1,35.7,22.1,36.1,28.9,13.91,0.001726,1.233,0.1419,26.86,68.49,159
9617.69,12.565,9.303,9.128,12.565,10.934,3.263,0.000339,1.111,-0.092,0.778,0.621,0.961,22.6,35.5,22.6,35.8,29.1,13.17,0.001369,1.085,0.14,26.94,68.25,158
7554.73,12.542,9.492,9.309,12.542,11.017,3.05,0.000404,0.848,-0.237,0.772,0.595,0.999,23.3,35.9,23.3,35.9,29.6,12.55,0.001661,1.055,0.1426,27.14,68.1,157
8467.55,12.569,9.495,9.336,12.569,11.032,3.074,0.000363,1.023,0.212,0.739,0.548,1.013,22.9,35.8,22.9,36.0,29.3,13.1,0.001547,0.619,0.1402,27.51,68.55,156
9864.59,12.505,9.369,9.2,12.505,10.937,3.135,0.000318,0.991,-0.365,0.692,0.551,0.882,21.6,35.1,21.6,35.2,28.3,13.61,0.00138,0.683,0.1392,26.86,68.6,155
9509.99,12.559,9.185,9.002,12.559,10.872,3.374,0.000355,0.839,-0.203,0.722,0.578,0.898,21.8,35.0,21.8,35.5,28.4,13.63,0.001433,0.841,0.1375,27.32,67.81,154
8224.3,12.532,9.159,8.998,12.532,10.846,3.373,0.00041,1.008,0.075,0.684,0.502,0.812,22.4,34.1,22.4,34.2,28.2,11.81,0.001436,1.115,0.1404,25.82,66.67,153
8410.05,12.589,9.144,8.944,12.589,10.866,3.444,0.00041,0.883,0.339,0.757,0.582,1.055,23.2,36.0,23.2,36.1,29.6,12.95,0.00154,1.255,0.1432,27.47,67.93,152
9383.78,12.501,9.416,9.261,12.501,10.958,3.084,0.000329,1.132,-0.205,0.714,0.52,0.855,21.8,34.7,21.8,34.9,28.2,13.14,0.001401,0.61,0.1431,28.05,68.61,151
7898.5,12.586,9.497,9.309,12.586,11.041,3.09,0.000391,0.931,0.007,0.748,0.613,0.872,23.3,37.0,23.3,37.3,30.1,14.04,0.001777,0.776,0.1388,26.4,67.24,150
8000.24,12.592,9.217,9.017,12.592,10.905,3.376,0.000422,0.814,0.134,0.653,0.521,0.912,22.9,35.5,22.9,36.0,29.2,13.09,0.001636,0.508,0.1409,26.95,67.04,149
7960.15,12.515,9.407,9.215,12.515,10.961,3.108,0.00039,1.1,-0.497,0.704,0.584,0.86,23.4,35.8,23.4,36.2,29.6,12.85,0.001614,0.567,0.1443,27.79,67.72,148
7874.09,12.538,9.292,9.106,12.538,10.915,3.246,0.000412,0.917,-0.015,0.777,0.611,0.974,22.7,36.4,22.7,36.5,29.5,13.79,0.001752,1.297,0.1425,27.04,67.03,147
7499.6,12.588,9.377,9.208,12.588,10.983,3.211,0.000428,0.928,-0.386,0.733,0.6,1.027,22.4,35.5,22.4,35.7,28.9,13.33,0.001778,1.197,0.1443,26.55,66.93,146
8416.97,12.541,9.117,8.951,12.541,10.829,3.424,0.000407,0.905,-0.182,0.739,0.55,0.941,22.5,35.7,22.5,36.1,29.1,13.54,0.001608,0.891,0.1399,25.9,67.01,145
8956.0,12.534,9.409,9.239,12.534,10.972,3.125,0.000349,1.179,0.113,0.709,0.552,0.891,22.7,36.3,22.7,36.6,29.5,13.95,0.001557,0.83,0.1441,27.03,66.73,144
7461.56,12.57,9.456,9.263,12.57,11.013,3.114,0.000417,0.863,0.036,0.641,0.476,0.852,22.0,35.3,22.0,35.4,28.7,13.4,0.001796,1.36,0.1433,26.67,67.07,143
7781.11,12.573,9.47,9.311,12.573,11.022,3.103,0.000399,0.863,-0.199,0.706,0.512,0.81,22.9,36.6,22.9,36.8,29.7,13.91,0.001788,0.73,0.1473,27.27,67.22,142
9141.15,12.566,9.066,8.875,12.566,10.816,3.5,0.000383,0.966,-0.485,0.755,0.647,0.909,23.2,37.0,23.2,37.3,30.1,14.12,0.001545,1.33,0.1424,26.81,67.1,141
7678.52,12.561,9.156,8.985,12.561,10.858,3.404,0.000443,1.062,-0.029,0.642,0.539,0.844,22.4,36.2,22.4,36.3,29.3,13.86,0.001806,0.791,0.1433,26.63,66.77,140
9571.38,12.553,9.122,8.964,12.553,10.838,3.431,0.000358,0.89,0.475,0.709,0.569,0.908,22.1,35.9,22.1,36.0,29.0,13.92,0.001454,0.897,0.147,26.68,68.04,139
8032.3,12.581,9.488,9.326,12.581,11.034,3.093,0.000385,1.047,-0.026,0.702,0.516,0.836,22.1,35.6,22.1,35.6,28.8,13.52,0.001684,1.223,0.1462,26.12,66.95,138
7929.74,12.534,9.075,8.904,12.534,10.805,3.458,0.000436,1.118,0.046,0.692,0.551,0.905,23.3,36.7,23.3,37.1,30.0,13.85,0.001747,0.813,0.1439,26.65,66.52,137
9243.94,12.599,9.041,8.881,12.599,10.82,3.559,0.000385,0.866,-0.062,0.672,0.534,0.912,22.5,35.7,22.5,36.0,29.1,13.54,0.001464,1.472,0.1432,26.46,66.55,136
8443.7,12.575,9.274,9.098,12.575,10.924,3.301,0.000391,1.009,0.115,0.809,0.666,0.969,22.2,36.8,22.2,37.1,29.5,14.9,0.001765,0.872,0.1453,27.33,67.26,135
8656.85,12.571,9.26,9.092,12.571,10.916,3.312,0.000383,0.854,0.024,0.725,0.531,0.918,23.2,36.4,23.2,36.8,29.8,13.56,0.001567,1.329,0.144,26.28,66.54,134
9616.5,12.531,9.094,8.903,12.531,10.813,3.437,0.000357,0.94,0.059,0.745,0.612,0.953,23.0,36.7,23.0,36.8,29.9,13.79,0.001434,0.726,0.1452,26.98,67.17,133
9163.98,12.558,9.153,8.968,12.558,10.856,3.406,0.000372,0.861,0.231,0.822,0.696,1.002,21.8,35.1,21.8,35.2,28.5,13.37,0.001459,0.78,0.1419,26.18,65.81,132
9020.16,12.533,9.386,9.2,12.533,10.96,3.147,0.000349,0.867,0.283,0.666,0.486,0.822,23.0,36.0,23.0,36.2,29.5,13.23,0.001467,1.489,0.1463,26.81,66.53,131
9381.46,12.532,9.448,9.288,12.532,10.99,3.084,0.000329,0.847,0.06,0.754,0.61,0.956,22.3,35.4,22.3,35.7,28.9,13.42,0.00143,0.877,0.1475,27.08,67.26,130
8391.87,12.588,9.421,9.216,12.588,11.005,3.167,0.000377,0.996,0.289,0.786,0.603,1.075,22.3,34.9,22.3,35.2,28.6,12.92,0.001539,1.185,0.1471,26.18,66.02,129
7984.8,12.547,9.335,9.143,12.547,10.941,3.212,0.000402,0.872,0.248,0.739,0.583,0.882,23.7,37.2,23.7,37.4,30.5,13.76,0.001723,0.511,0.145,26.29,65.9,128
7326.99,12.537,9.127,8.924,12.537,10.832,3.41,0.000465,1.078,-0.247,0.732,0.628,0.953,22.4,36.6,22.4,36.6,29.5,14.18,0.001935,1.125,0.1468,26.74,65.78,127
9672.36,12.563,9.245,9.065,12.563,10.904,3.318,0.000343,1.158,-0.347,0.643,0.468,0.918,22.5,36.0,22.5,36.0,29.3,13.49,0.001395,1.236,0.1454,27.63,67.22,126
7308.8,12.564,9.031,8.87,12.564,10.797,3.533,0.000483,1.135,0.348,0.777,0.578,0.986,22.7,37.0,22.7,37.0,29.9,14.28,0.001954,0.816,0.1455,25.73,66.43,125
8345.36,12.594,9.202,9.006,12.594,10.898,3.392,0.000407,0.834,-0.057,0.668,0.561,0.902,22.8,35.9,22.8,36.2,29.3,13.48,0.001615,0.776,0.1422,25.34,65.93,124
9165.46,12.5,9.137,8.961,12.5,10.819,3.363,0.000367,0.847,-0.409,0.803,0.647,0.972,22.3,35.3,22.3,35.6,28.8,13.28,0.001449,1.23,0.1488,26.92,66.34,123
9051.56,12.522,9.187,9.024,12.522,10.855,3.334,0.000368,0.876,0.256,0.712,0.587,0.957,22.9,35.9,22.9,36.4,29.4,13.51,0.001492,0.633,0.1492,27.38,66.36,122
7971.87,12.523,9.094,8.892,12.523,10.808,3.428,0.00043,1.031,-0.151,0.755,0.625,0.89,22.4,35.7,22.4,35.9,29.0,13.56,0.001701,1.142,0.1479,26.84,66.79,121
9018.67,12.539,9.269,9.1,12.539,10.904,3.27,0.000363,1.08,0.004,0.718,0.583,0.959,22.8,35.7,22.8,35.8,29.3,12.98,0.001439,1.33,0.1479,26.2,65.33,120
8240.47,12.503,9.058,8.868,12.503,10.78,3.445,0.000418,1.035,-0.466,0.692,0.578,0.829,22.1,35.6,22.1,35.7,28.8,13.65,0.001657,1.201,0.1463,26.46,66.01,119
7828.08,12.565,9.05,8.849,12.565,10.807,3.515,0.000449,0.983,0.076,0.733,0.586,0.894,22.5,36.4,22.5,36.8,29.5,14.23,0.001818,0.935,0.1444,26.61,65.21,118
7820.92,12.568,9.15,8.942,12.568,10.859,3.418,0.000437,1.11,0.454,0.778,0.602,1.054,23.0,36.4,23.0,36.6,29.7,13.61,0.00174,0.901,0.1497,26.03,65.09,117
9477.0,12.594,9.099,8.893,12.594,10.847,3.495,0.000369,0.924,0.266,0.681,0.568,0.931,21.9,36.7,21.9,37.2,29.3,15.34,0.001619,1.301,0.148,27.48,66.39,116
9150.34,12.53,9.04,8.87,12.53,10.785,3.49,0.000381,0.95,-0.023,0.73,0.621,0.871,22.5,37.1,22.5,37.5,29.8,14.96,0.001635,0.845,0.1481,26.47,65.46,115
8577.66,12.583,9.353,9.157,12.583,10.968,3.23,0.000377,1.159,0.32,0.625,0.512,0.744,22.5,36.0,22.5,36.4,29.3,13.91,0.001622,1.23,0.1485,25.63,64.95,114
8780.18,12.559,9.111,8.922,12.559,10.835,3.448,0.000393,1.101,0.415,0.755,0.618,1.009,22.0,36.6,22.0,36.9,29.3,14.9,0.001697,1.146,0.149,26.6,65.2,113
7911.85,12.565,9.213,9.04,12.565,10.889,3.353,0.000424,0.865,0.182,0.782,0.6,0.959,23.7,37.8,23.7,38.0,30.8,14.3,0.001808,1.334,0.1492,26.45,65.81,112
9086.47,12.58,9.006,8.832,12.58,10.793,3.574,0.000393,0.961,0.271,0.709,0.57,0.924,21.9,35.9,21.9,36.4,28.9,14.48,0.001593,0.803,0.1485,26.05,65.35,111
8130.95,12.537,9.237,9.06,12.537,10.887,3.301,0.000406,0.953,0.175,0.675,0.539,0.882,22.8,35.3,22.8,35.6,29.1,12.75,0.001568,0.65,0.1513,25.47,65.46,110
8900.48,12.573,9.227,9.064,12.573,10.9,3.345,0.000376,1.075,-0.248,0.712,0.6,0.869,22.0,35.9,22.0,36.4,29.0,14.34,0.001611,0.837,0.1526,25.66,64.84,109
7871.5,12.502,9.162,8.969,12.502,10.832,3.339,0.000424,0.834,-0.405,0.722,0.586,0.941,23.3,37.4,23.3,37.5,30.3,14.19,0.001803,1.227,0.1523,25.75,65.14,108
8631.39,12.524,9.413,9.213,12.524,10.969,3.112,0.000361,0.859,0.477,0.862,0.71,1.109,22.3,36.3,22.3,36.4,29.3,14.13,0.001637,1.138,0.1474,25.79,64.99,107
9283.78,12.575,9.211,9.052,12.575,10.893,3.364,0.000362,0.973,-0.384,0.727,0.602,1.018,21.9,35.0,21.9,35.4,28.4,13.48,0.001452,0.692,0.1478,26.47,65.66,106
7616.15,12.58,9.187,9.003,12.58,10.884,3.393,0.000445,1.069,0.105,0.721,0.578,0.973,22.5,35.5,22.5,35.7,29.0,13.2,0.001733,1.41,0.1509,25.11,65.22,105
7992.72,12.513,9.134,8.946,12.513,10.823,3.379,0.000423,0.825,-0.212,0.735,0.604,1.031,22.5,36.6,22.5,36.7,29.5,14.2,0.001776,1.212,0.148,25.93,65.03,104
7986.43,12.593,9.006,8.832,12.593,10.8,3.587,0.000449,1.079,0.173,0.697,0.552,0.866,21.7,35.8,21.7,36.0,28.8,14.26,0.001785,0.756,0.1472,25.89,65.46,103
8469.13,12.535,9.104,8.895,12.535,10.819,3.431,0.000405,1.05,-0.333,0.716,0.587,0.89,22.2,36.9,22.2,36.9,29.5,14.67,0.001732,0.852,0.1505,27.12,66.06,102
8135.87,12.549,9.117,8.91,12.549,10.833,3.432,0.000422,1.197,0.071,0.75,0.589,0.876,22.6,36.4,22.6,36.5,29.5,13.91,0.00171,0.679,0.1526,26.75,63.55,101
8033.42,12.575,9.209,9.017,12.575,10.892,3.366,0.000419,1.105,-0.182,0.68,0.543,0.843,23.3,38.0,23.3,38.4,30.6,15.12,0.001882,1.036,0.1529,26.14,65.47,100
8840.05,12.545,9.462,9.292,12.545,11.003,3.083,0.000349,1.163,-0.117,0.732,0.579,0.889,22.2,36.7,22.2,36.8,29.5,14.58,0.00165,1.153,0.1526,25.11,64.18,99
7390.26,12.562,9.499,9.31,12.562,11.031,3.063,0.000414,0.989,-0.409,0.677,0.483,0.924,22.3,36.7,22.3,37.0,29.5,14.65,0.001983,0.87,0.15,25.71,65.41,98
9013.21,12.585,9.081,8.905,12.585,10.833,3.504,0.000389,0.917,0.394,0.678,0.56,0.953,23.5,37.2,23.5,37.3,30.3,13.77,0.001528,0.707,0.1463,25.56,64.8,97
8807.34,12.597,9.25,9.084,12.597,10.924,3.347,0.00038,1.185,-0.493,0.639,0.505,0.859,22.8,36.7,22.8,36.9,29.7,14.15,0.001607,0.532,0.151,24.57,64.44,96
7107.78,12.542,9.13,8.937,12.542,10.836,3.412,0.00048,0.992,0.226,0.727,0.55,0.851,22.1,35.7,22.1,35.7,28.9,13.59,0.001912,0.793,0.1471,26.72,64.3,95
8556.9,12.551,9.325,9.142,12.551,10.938,3.226,0.000377,0.845,-0.331,0.683,0.568,0.808,22.4,37.4,22.4,37.8,29.9,15.4,0.001799,0.913,0.1531,25.64,63.95,94
7142.35,12.564,9.037,8.829,12.564,10.801,3.527,0.000494,1.115,0.2,0.697,0.573,0.895,22.5,37.0,22.5,37.2,29.7,14.74,0.002064,1.068,0.1548,25.72,64.06,93
7409.44,12.537,9.181,9.008,12.537,10.859,3.356,0.000453,0.918,0.244,0.763,0.647,1.052,22.1,35.8,22.1,36.0,29.0,13.92,0.001878,1.195,0.1493,25.81,63.9,92
7063.91,12.521,9.151,8.961,12.521,10.836,3.37,0.000477,1.047,-0.33,0.777,0.605,0.929,22.5,34.9,22.5,35.1,28.7,12.67,0.001794,0.844,0.1527,25.39,64.8,91
9051.39,12.549,9.085,8.895,12.549,10.817,3.464,0.000383,0.924,-0.276,0.775,0.585,0.91,23.7,38.0,23.7,38.1,30.8,14.43,0.001594,0.778,0.1547,25.83,65.05,90
8045.56,12.591,9.453,9.253,12.591,11.022,3.138,0.00039,1.066,-0.102,0.692,0.514,0.961,22.1,36.3,22.1,36.4,29.2,14.21,0.001766,0.599,0.1482,25.57,64.6,89
8661.7,12.587,9.485,9.321,12.587,11.036,3.102,0.000358,1.06,-0.255,0.71,0.585,0.923,22.5,37.5,22.5,37.8,30.0,15.34,0.001772,1.19,0.1525,25.14,64.31,88
7146.1,12.519,9.415,9.251,12.519,10.967,3.104,0.000434,1.033,-0.036,0.69,0.538,0.971,22.8,37.2,22.8,37.5,30.0,14.62,0.002046,1.037,0.1521,25.19,64.21,87
7223.5,12.508,9.099,8.912,12.508,10.804,3.41,0.000472,0.845,0.387,0.705,0.557,0.848,21.9,35.8,21.9,36.3,28.9,14.36,0.001988,1.277,0.1504,25.53,64.39,86
6973.38,12.575,9.301,9.112,12.575,10.938,3.275,0.00047,1.147,-0.251,0.694,0.543,0.829,21.3,35.4,21.3,35.5,28.3,14.27,0.002046,0.775,0.1557,25.41,64.56,85
9062.72,12.549,9.16,8.95,12.549,10.854,3.389,0.000374,1.17,-0.057,0.781,0.664,0.975,23.0,37.4,23.0,37.6,30.2,14.61,0.001612,1.138,0.1518,24.24,63.8,84
7384.94,12.55,9.16,8.972,12.55,10.855,3.39,0.000459,0.863,0.266,0.647,0.517,0.767,22.0,35.8,22.0,35.9,28.9,13.92,0.001885,1.286,0.1522,25.69,63.84,83
9245.9,12.565,9.394,9.196,12.565,10.98,3.171,0.000343,0.858,-0.166,0.835,0.641,0.988,21.5,36.0,21.5,36.1,28.8,14.59,0.001578,0.854,0.1505,26.49,64.51,82
7877.18,12.576,9.202,8.994,12.576,10.889,3.374,0.000428,1.082,-0.291,0.753,0.572,0.923,23.3,37.5,23.3,37.5,30.4,14.16,0.001798,1.217,0.1507,25.17,64.03,81
7646.3,12.556,9.1,8.926,12.556,10.828,3.456,0.000452,0.992,0.221,0.81,0.624,1.01,22.8,37.3,22.8,37.5,30.1,14.69,0.001922,0.97,0.1549,25.16,63.87,80
9020.28,12.549,9.14,8.948,12.549,10.844,3.409,0.000378,1.169,-0.389,0.666,0.556,0.841,22.2,36.2,22.2,36.4,29.2,14.19,0.001573,0.634,0.153,25.23,64.1,79
7250.28,12.515,9.149,8.979,12.515,10.832,3.366,0.000464,1.012,-0.209,0.679,0.554,0.797,21.7,35.7,21.7,35.8,28.7,14.09,0.001943,0.522,0.1515,25.64,63.9,78
7620.57,12.585,9.453,9.269,12.585,11.019,3.133,0.000411,1.071,0.204,0.653,0.535,0.93,22.0,36.4,22.0,36.6,29.2,14.62,0.001919,0.755,0.1527,25.73,63.88,77
7800.44,12.549,9.024,8.836,12.549,10.786,3.525,0.000452,1.002,0.298,0.765,0.614,1.048,23.0,37.4,23.0,37.5,30.2,14.43,0.00185,1.29,0.1532,25.9,63.8,76
8098.55,12.597,9.39,9.201,12.597,10.994,3.207,0.000396,1.197,0.252,0.669,0.485,0.929,23.5,38.4,23.5,38.7,30.9,15.27,0.001886,1.267,0.1539,24.7,63.1,75
8524.96,12.565,9.037,8.841,12.565,10.801,3.529,0.000414,0.809,0.075,0.761,0.608,0.929,22.2,35.7,22.2,35.9,28.9,13.74,0.001612,0.506,0.1546,24.35,63.33,74
7472.74,12.522,9.337,9.159,12.522,10.93,3.185,0.000426,1.152,0.367,0.782,0.616,0.974,22.6,36.3,22.6,36.5,29.5,13.93,0.001865,0.653,0.1537,25.56,63.7,73
8253.3,12.584,9.39,9.201,12.584,10.987,3.195,0.000387,0.921,-0.076,0.74,0.608,1.031,22.4,37.1,22.4,37.2,29.7,14.86,0.0018,0.771,0.1529,25.51,63.65,72
8965.09,12.544,9.417,9.236,12.544,10.981,3.127,0.000349,0.96,-0.294,0.751,0.577,0.94,22.5,36.4,22.5,36.6,29.4,14.17,0.001581,0.881,0.1538,25.38,63.87,71
8525.92,12.512,9.378,9.21,12.512,10.945,3.134,0.000368,1.194,0.3,0.829,0.668,1.026,22.5,36.5,22.5,36.6,29.5,14.11,0.001655,0.86,0.1537,25.94,63.59,70
8686.65,12.54,9.429,9.247,12.54,10.984,3.111,0.000358,1.2,-0.416,0.732,0.548,1.021,21.6,36.5,21.6,36.6,29.0,15.01,0.001727,1.144,0.1556,25.32,63.44,69
8267.71,12.532,9.07,8.894,12.532,10.801,3.462,0.000419,0.824,0.302,0.718,0.605,0.931,22.9,38.0,22.9,38.4,30.5,15.5,0.001875,1.366,0.1562,25.57,62.97,68
7205.8,12.594,9.483,9.284,12.594,11.038,3.111,0.000432,0.999,-0.194,0.745,0.627,1.007,22.7,37.0,22.7,37.1,29.8,14.41,0.002,1.125,0.1533,24.99,63.09,67
7631.6,12.589,9.017,8.811,12.589,10.803,3.572,0.000468,0.863,-0.485,0.809,0.704,1.092,22.0,37.0,22.0,37.3,29.5,15.24,0.001997,1.397,0.1543,25.07,63.63,66
9248.97,12.586,9.268,9.096,12.586,10.927,3.317,0.000359,0.851,0.156,0.767,0.603,0.988,22.3,37.3,22.3,37.8,29.8,15.5,0.001676,0.866,0.1585,26.23,64.5,65
8680.81,12.52,9.11,8.941,12.52,10.815,3.41,0.000393,1.155,-0.395,0.742,0.619,1.03,22.7,37.3,22.7,37.5,30.0,14.85,0.001711,0.726,0.1533,24.22,62.6,64
8378.34,12.552,9.289,9.079,12.552,10.92,3.263,0.00039,1.174,-0.466,0.849,0.736,1.101,21.9,36.8,21.9,37.0,29.3,15.19,0.001813,1.406,0.1582,24.74,63.44,63
7126.22,12.503,9.397,9.225,12.503,10.95,3.106,0.000436,1.127,0.077,0.76,0.603,0.925,22.0,36.7,22.0,37.0,29.4,14.93,0.002095,0.952,0.1561,25.29,62.98,62
7461.39,12.577,9.462,9.279,12.577,11.019,3.115,0.000417,1.065,0.168,0.723,0.597,1.001,22.7,36.7,22.7,37.0,29.7,14.32,0.001919,0.842,0.1586,25.04,63.2,61
8966.48,12.513,9.114,8.927,12.513,10.813,3.399,0.000379,0.974,0.484,0.784,0.629,0.906,22.2,37.8,22.2,37.9,30.0,15.73,0.001754,0.583,0.1559,24.65,62.82,60
9118.71,12.519,9.42,9.246,12.519,10.97,3.099,0.00034,1.144,0.025,0.801,0.628,0.905,22.1,37.2,22.1,37.3,29.7,15.23,0.00167,1.3,0.1544,24.39,63.35,59
7612.57,12.51,9.083,8.886,12.51,10.796,3.427,0.00045,1.044,0.358,0.71,0.526,0.934,22.5,36.8,22.5,37.3,29.7,14.81,0.001946,0.778,0.1574,25.65,62.66,58
9155.7,12.589,9.234,9.064,12.589,10.912,3.355,0.000366,1.169,0.113,0.833,0.733,1.121,22.5,37.8,22.5,37.9,30.1,15.44,0.001686,1.459,0.1552,25.3,64.03,57
8575.88,12.581,9.475,9.298,12.581,11.028,3.105,0.000362,0.828,0.463,0.803,0.638,1.06,22.2,37.1,22.2,37.5,29.7,15.28,0.001782,0.776,0.1573,25.89,63.28,56
7142.77,12.544,9.336,9.134,12.544,10.94,3.208,0.000449,0.988,0.16,0.61,0.498,0.712,22.4,37.3,22.4,37.6,29.9,15.2,0.002129,0.799,0.1561,25.1,62.95,55
9064.93,12.591,9.171,8.991,12.591,10.881,3.42,0.000377,1.034,0.376,0.735,0.597,1.033,22.7,37.2,22.7,37.5,30.0,14.77,0.001629,1.191,0.1592,25.13,63.28,54
9049.64,12.56,9.3,9.119,12.56,10.93,3.261,0.00036,1.055,0.365,0.753,0.587,1.027,23.2,36.8,23.2,37.0,30.0,13.82,0.001527,0.78,0.1538,25.19,62.88,53
7698.49,12.584,9.492,9.324,12.584,11.038,3.092,0.000402,1.066,-0.396,0.79,0.609,0.91,22.5,37.8,22.5,38.1,30.2,15.6,0.002026,1.281,0.1556,25.01,62.53,52
7903.08,12.593,9.191,8.998,12.593,10.892,3.401,0.00043,1.106,-0.139,0.689,0.509,0.907,23.1,37.7,23.1,37.7,30.4,14.61,0.001848,1.173,0.1549,25.21,62.38,51
7583.33,12.579,9.426,9.233,12.579,11.002,3.153,0.000416,1.068,-0.474,0.781,0.587,0.986,22.8,36.9,22.8,37.3,29.8,14.49,0.001911,1.067,0.1563,24.52,62.93,50
8710.84,12.573,9.425,9.246,12.573,10.999,3.148,0.000361,0.819,-0.042,0.795,0.661,1.059,22.9,37.6,22.9,37.8,30.2,14.93,0.001713,1.491,0.1584,26.37,63.64,49
7959.23,12.532,9.201,9.015,12.532,10.866,3.332,0.000419,1.096,0.336,0.813,0.629,1.076,22.8,37.2,22.8,37.5,30.0,14.74,0.001851,0.728,0.1613,25.15,62.33,48
7449.27,12.55,9.093,8.909,12.55,10.821,3.457,0.000464,1.102,0.459,0.66,0.489,0.813,22.0,37.5,22.0,37.9,29.7,15.97,0.002144,0.823,0.1571,24.86,62.46,47
8050.16,12.576,9.269,9.083,12.576,10.922,3.307,0.000411,0.962,-0.237,0.688,0.568,0.927,23.1,38.2,23.1,38.7,30.7,15.61,0.001939,1.216,0.1598,25.77,62.8,46
8795.49,12.581,9.444,9.264,12.581,11.013,3.138,0.000357,1.019,0.168,0.719,0.611,0.933,23.0,37.9,23.0,37.9,30.5,14.84,0.001688,0.774,0.1578,24.91,61.76,45
7113.45,12.565,9.108,8.942,12.565,10.836,3.457,0.000486,1.02,0.068,0.726,0.624,0.875,21.8,36.0,21.8,36.2,28.9,14.43,0.002028,0.912,0.1585,24.87,61.25,44
8957.42,12.575,9.353,9.14,12.575,10.964,3.221,0.00036,0.928,-0.143,0.655,0.529,0.916,21.8,37.4,21.8,37.9,29.6,16.1,0.001798,1.458,0.1564,24.28,62.53,43
7993.98,12.513,9.491,9.283,12.513,11.002,3.022,0.000378,1.088,0.218,0.727,0.579,0.928,22.1,37.9,22.1,38.2,30.0,16.01,0.002003,1.145,0.1617,25.48,62.76,42
6669.98,12.562,9.249,9.062,12.562,10.905,3.313,0.000497,0.939,0.368,0.744,0.627,1.035,21.9,36.6,21.9,36.6,29.2,14.68,0.002201,0.648,0.1569,23.64,60.68,41
8799.66,12.573,9.357,9.167,12.573,10.965,3.216,0.000365,1.015,0.175,0.666,0.472,0.907,22.8,37.7,22.8,37.9,30.3,15.1,0.001716,0.831,0.1583,24.64,61.92,40
7776.21,12.568,9.157,8.992,12.568,10.863,3.411,0.000439,1.046,0.03,0.721,0.55,0.943,22.3,37.5,22.3,37.9,29.9,15.6,0.002006,1.23,0.1574,24.67,61.03,39
7080.11,12.518,9.325,9.135,12.518,10.921,3.193,0.000451,0.955,-0.092,0.68,0.571,0.804,23.1,37.8,23.1,38.3,30.5,15.19,0.002145,1.196,0.1578,24.07,61.86,38
8294.04,12.588,9.25,9.073,12.588,10.919,3.338,0.000402,1.101,0.024,0.757,0.634,0.937,23.2,38.1,23.2,38.3,30.6,15.05,0.001815,0.52,0.1609,25.24,62.15,37
6922.28,12.596,9.265,9.1,12.596,10.93,3.332,0.000481,1.182,-0.312,0.748,0.645,0.924,23.0,37.6,23.0,38.1,30.3,15.03,0.002171,1.121,0.1561,24.72,60.69,36
8718.29,12.56,9.287,9.075,12.56,10.923,3.273,0.000375,0.812,-0.461,0.814,0.626,1.055,22.6,37.9,22.6,38.3,30.2,15.64,0.001794,1.038,0.161,24.19,61.9,35
7446.89,12.535,9.09,8.898,12.535,10.813,3.445,0.000463,1.175,0.429,0.69,0.54,0.97,21.1,35.1,21.1,35.5,28.1,14.41,0.001935,1.048,0.1587,25.29,62.85,34
7358.96,12.537,9.12,8.911,12.537,10.828,3.417,0.000464,1.124,0.41,0.772,0.632,0.91,21.8,37.7,21.8,38.1,29.7,16.33,0.002219,1.208,0.1615,24.97,61.23,33
7378.13,12.553,9.288,9.095,12.553,10.92,3.265,0.000443,0.879,0.444,0.721,0.566,0.9,22.6,38.1,22.6,38.3,30.4,15.66,0.002123,0.926,0.1594,23.96,61.72,32
7866.62,12.561,9.153,8.936,12.561,10.857,3.408,0.000433,1.179,-0.193,0.734,0.556,0.988,22.3,36.8,22.3,36.8,29.5,14.47,0.00184,1.087,0.1607,24.78,61.36,31
7889.39,12.505,9.151,8.976,12.505,10.828,3.353,0.000425,1.01,-0.322,0.667,0.561,0.959,23.0,37.1,23.0,37.5,30.0,14.51,0.00184,0.871,0.159,24.28,62.01,30
8562.33,12.571,9.036,8.862,12.571,10.804,3.535,0.000413,1.076,0.424,0.801,0.637,0.942,23.6,38.8,23.6,38.9,31.2,15.28,0.001784,0.505,0.1565,25.44,61.11,29
8820.99,12.583,9.186,8.974,12.583,10.884,3.397,0.000385,0.969,0.071,0.604,0.49,0.713,22.5,38.3,22.5,38.8,30.4,16.26,0.001844,1.364,0.1645,25.29,61.46,28
7199.9,12.569,9.208,9.02,12.569,10.888,3.361,0.000467,1.051,-0.105,0.674,0.483,0.829,22.7,37.3,22.7,37.6,30.0,14.87,0.002065,1.196,0.16,25.04,61.11,27
6796.28,12.59,9.244,9.067,12.59,10.917,3.346,0.000492,0.959,0.036,0.8,0.606,0.966,22.5,38.3,22.5,38.8,30.4,16.33,0.002403,0.785,0.162,24.36,60.6,26
8533.97,12.595,9.277,9.085,12.595,10.936,3.318,0.000389,1.133,-0.316,0.793,0.594,0.919,22.3,37.4,22.3,37.5,29.8,15.29,0.001791,1.263,0.1608,25.09,61.03,25
6938.73,12.56,9.021,8.807,12.56,10.79,3.539,0.00051,1.179,-0.159,0.694,0.576,0.948,22.6,38.2,22.6,38.5,30.4,15.85,0.002284,1.45,0.16,24.13,61.33,24
7515.61,12.515,9.146,8.975,12.515,10.831,3.369,0.000448,0.828,-0.254,0.798,0.679,0.935,22.2,36.9,22.2,37.3,29.6,15.14,0.002015,1.029,0.1607,24.84,61.56,23
8070.44,12.541,9.267,9.068,12.541,10.904,3.274,0.000406,0.893,-0.119,0.726,0.533,0.86,22.3,37.7,22.3,37.7,30.0,15.42,0.001911,1.063,0.1613,24.5,60.84,22
8017.8,12.556,9.037,8.839,12.556,10.797,3.519,0.000439,0.98,0.248,0.754,0.561,1.037,22.2,37.1,22.2,37.4,29.7,15.17,0.001892,1.183,0.1587,24.81,61.38,21
8557.73,12.515,9.268,9.083,12.515,10.892,3.247,0.000379,1.153,-0.132,0.726,0.562,0.855,23.1,39.5,23.1,40.0,31.3,16.86,0.00197,0.521,0.1608,24.81,60.65,20
7782.89,12.523,9.201,8.992,12.523,10.862,3.322,0.000427,0.978,-0.112,0.75,0.555,0.92,22.0,37.5,22.0,37.9,29.8,15.83,0.002034,0.864,0.1611,23.66,61.05,19
7026.01,12.519,9.097,8.884,12.519,10.808,3.422,0.000487,0.963,0.144,0.697,0.535,0.928,23.0,37.9,23.0,38.3,30.4,15.24,0.002169,0.714,0.1641,24.21,60.67,18
8417.2,12.577,9.312,9.14,12.577,10.945,3.266,0.000388,0.872,-0.057,0.695,0.54,0.839,22.8,38.4,22.8,38.7,30.6,15.91,0.001891,1.194,0.1632,24.16,61.0,17
7727.76,12.516,9.201,8.992,12.516,10.858,3.315,0.000429,1.173,-0.184,0.812,0.671,0.951,21.5,37.0,21.5,37.0,29.2,15.52,0.002009,1.433,0.1645,23.98,60.24,16
8197.49,12.509,9.004,8.794,12.509,10.756,3.504,0.000427,0.86,-0.287,0.677,0.492,0.788,22.1,38.4,22.1,38.5,30.2,16.37,0.001997,1.341,0.1606,24.59,60.13,15
7504.48,12.57,9.145,8.968,12.57,10.858,3.425,0.000456,1.047,-0.342,0.683,0.493,0.895,22.8,38.5,22.8,38.8,30.7,15.98,0.002129,1.052,0.1662,23.18,59.99,14
8480.44,12.566,9.073,8.881,12.566,10.82,3.493,0.000412,0.808,0.188,0.629,0.516,0.881,22.1,37.8,22.1,37.9,30.0,15.72,0.001854,1.318,0.1641,23.3,59.25,13
8747.58,12.595,9.283,9.071,12.595,10.939,3.311,0.000379,0.957,-0.351,0.826,0.638,1.124,22.7,38.2,22.7,38.3,30.5,15.58,0.001781,1.493,0.1621,24.92,61.2,12
8115.41,12.595,9.042,8.844,12.595,10.818,3.553,0.000438,1.141,-0.308,0.719,0.618,0.979,22.9,37.9,22.9,38.0,30.4,15.09,0.00186,0.78,0.1605,24.72,60.74,11
6526.03,12.524,9.153,8.962,12.524,10.839,3.371,0.000516,0.832,0.051,0.737,0.633,0.924,22.5,37.0,22.5,37.2,29.8,14.73,0.002258,0.631,0.1629,22.67,59.4,10
7441.36,12.59,9.19,9.019,12.59,10.89,3.4,0.000457,1.114,-0.093,0.72,0.551,0.955,22.0,38.2,22.0,38.6,30.1,16.57,0.002226,0.842,0.1633,24.45,61.14,9
7190.79,12.591,9.459,9.286,12.591,11.025,3.132,0.000436,1.122,-0.393,0.711,0.579,0.945,22.3,37.6,22.3,38.0,29.9,15.77,0.002193,0.574,0.1627,23.91,61.15,8
8366.1,12.501,9.007,8.796,12.501,10.754,3.494,0.000418,0.984,0.373,0.648,0.486,0.922,22.9,38.9,22.9,39.3,30.9,16.41,0.001962,1.286,0.1648,24.34,60.15,7
8159.02,12.508,9.046,8.828,12.508,10.777,3.462,0.000424,0.928,0.029,0.698,0.519,0.799,22.5,38.1,22.5,38.1,30.3,15.61,0.001913,0.976,0.1647,24.11,60.5,6
7189.0,12.568,9.433,9.255,12.568,11.0,3.135,0.000436,1.017,0.473,0.71,0.61,0.847,22.6,38.4,22.6,38.4,30.5,15.79,0.002197,1.2,0.1699,24.04,60.73,5
8643.1,12.516,9.318,9.119,12.516,10.917,3.199,0.00037,1.094,0.031,0.771,0.62,0.991,22.4,38.3,22.4,38.8,30.4,16.37,0.001894,1.155,0.1636,24.23,60.14,4
6673.29,12.534,9.366,9.166,12.534,10.95,3.168,0.000475,1.098,-0.412,0.712,0.604,0.975,22.6,37.2,22.6,37.2,29.9,14.67,0.002198,1.088,0.1642,24.21,60.52,3
6678.55,12.526,9.42,9.228,12.526,10.973,3.106,0.000465,1.2,-0.31,0.662,0.514,0.91,21.7,37.1,21.7,37.3,29.4,15.63,0.00234,1.087,0.1637,23.89,60.51,2
8545.24,12.585,9.486,9.292,12.585,11.035,3.099,0.000363,0.81,-0.361,0.742,0.597,1.022,23.0,39.2,23.0,39.4,31.1,16.34,0.001913,0.817,0.1653,23.66,60.5,1
